,age,age_o,importance_same_race,importance_same_religion,pref_o_attractive,pref_o_sincere,pref_o_intelligence,pref_o_funny,pref_o_ambitious,pref_o_shared_interests,attractive_important,sincere_important,intelligence_important,funny_important,ambition_important,shared_interests_important,attractive,sincere,intelligence,funny,ambition,attractive_partner,sincere_partner,intelligence_parter,funny_partner,ambition_partner,shared_interests_partner,sports,tvsports,exercise,dining,museums,art,hiking,gaming,clubbing,reading,tv,theater,movies,concerts,music,shopping,yoga,interests_correlate,expected_happy_with_sd_people,like,decision
529,0,0,0,0,1,0,1,1,0,0,1,0,0,0,0,0,4,4,4,4,4,2,3,3,3,3,3,3,2,3,3,2,2,3,3,3,3,1,0,4,3,4,4,0,3,2,3,1
4218,1,1,4,2,1,0,0,0,0,0,0,1,1,0,0,0,3,4,2,3,3,4,2,2,2,2,1,4,0,4,4,3,3,3,3,3,4,4,4,4,4,4,2,3,1,2,2,0
3474,1,1,0,0,1,0,0,1,0,0,2,0,0,0,0,0,4,4,4,4,4,4,4,4,4,4,4,4,2,2,2,1,1,3,2,2,3,0,2,1,1,3,0,3,2,2,4,1
185,0,1,1,2,1,0,1,0,0,0,0,1,0,0,0,0,2,4,3,3,3,2,3,3,1,3,0,3,4,3,3,3,2,0,0,3,3,3,2,3,2,3,4,2,2,3,2,1
3889,1,1,0,1,0,0,0,0,0,0,0,0,0,0,0,1,3,3,3,3,2,2,3,4,3,3,3,4,3,2,3,2,1,2,0,4,2,1,0,3,3,4,2,0,3,2,3,0
745,1,0,1,0,0,0,1,0,0,0,1,0,0,0,0,0,3,4,3,4,4,4,4,3,4,3,3,0,0,0,4,3,3,3,3,4,3,0,4,3,3,4,1,0,3,2,3,0
4558,1,0,1,0,2,0,0,0,0,0,3,0,0,0,0,0,4,3,4,4,4,3,4,4,3,3,3,3,2,3,3,3,2,1,2,4,3,0,1,1,2,4,3,0,3,4,3,0
2257,1,0,0,0,1,0,0,1,0,0,0,0,1,0,0,0,3,3,3,3,3,3,3,3,3,3,3,2,2,2,4,3,3,3,3,4,4,2,3,3,3,4,2,3,2,2,3,1
621,0,0,3,3,0,0,1,0,0,1,0,0,0,0,0,0,3,4,3,3,3,2,2,2,2,2,2,0,1,0,4,4,4,0,0,3,1,1,4,4,3,3,1,1,4,2,2,0
2507,1,1,2,0,0,0,0,0,0,0,0,0,0,0,0,0,3,4,3,4,4,3,3,3,3,2,2,2,2,1,3,2,1,1,1,3,3,3,3,3,1,1,1,0,1,2,3,1
2381,0,0,2,3,0,0,0,0,0,0,0,1,0,1,0,0,3,4,4,4,3,3,4,3,3,3,2,4,1,4,3,2,3,3,1,3,1,0,4,2,1,2,3,0,3,2,3,1
4491,0,2,0,3,0,0,1,0,0,0,0,0,1,1,0,0,2,4,4,4,3,2,3,3,1,2,1,0,2,0,2,3,3,3,0,0,4,1,3,2,2,3,0,0,4,3,1,1
965,0,0,3,4,0,0,0,0,0,0,0,0,0,0,0,0,3,3,3,3,3,4,4,4,4,4,4,2,3,2,4,3,2,1,2,3,3,2,2,2,2,2,4,1,3,2,4,1
5469,1,1,1,1,0,0,0,0,0,0,0,0,0,0,0,0,3,4,4,4,3,4,4,4,4,4,4,2,3,2,4,4,4,3,0,1,4,1,4,4,3,3,1,4,3,2,4,1
5972,0,0,0,2,0,0,0,0,0,0,1,1,1,0,0,0,3,4,1,4,2,3,3,3,3,2,2,0,1,1,3,3,3,3,2,0,2,2,3,3,4,4,3,3,4,2,3,0
661,0,0,0,3,0,0,1,0,0,1,0,0,0,0,0,0,3,4,3,3,3,2,4,4,3,3,3,2,2,2,3,4,4,4,0,3,3,2,3,3,3,4,2,3,4,3,4,1
1332,1,0,0,0,0,0,1,0,0,0,0,0,0,0,0,0,4,4,4,4,4,3,3,3,3,3,3,3,0,3,4,4,4,4,0,4,4,1,4,4,3,4,2,4,2,2,3,0
689,1,0,0,0,0,1,1,1,0,0,1,1,1,0,0,0,3,4,3,3,2,1,3,3,2,3,2,3,0,4,4,4,4,1,0,4,4,0,4,4,4,4,2,2,4,3,3,0
2174,0,2,3,3,1,1,1,1,0,0,0,0,0,0,0,0,3,3,4,4,3,3,3,3,4,4,3,3,3,3,3,3,3,3,3,3,3,3,3,3,3,3,3,2,0,0,3,1
1289,1,0,1,2,0,0,0,1,0,1,0,1,0,0,0,0,3,4,4,3,4,2,2,2,2,2,0,0,1,1,4,3,2,3,1,3,3,1,2,3,2,3,2,1,4,1,1,0
4047,1,1,0,0,1,0,1,1,0,0,2,0,0,0,0,0,2,4,2,2,4,4,4,4,4,4,4,3,0,3,2,4,4,3,1,3,4,2,3,4,2,4,3,0,4,3,4,1
4061,1,1,0,0,0,2,0,0,0,0,1,0,0,0,0,0,3,3,3,3,4,2,3,2,2,2,2,4,1,4,4,3,3,2,2,3,2,2,2,2,1,2,3,2,2,2,2,0
5453,1,1,3,0,1,0,0,1,0,0,1,1,1,0,0,0,3,3,3,4,3,3,2,3,3,2,2,4,2,3,3,3,3,3,3,4,3,3,3,4,3,4,2,1,2,3,3,1
4505,1,1,3,1,1,0,0,0,0,0,2,0,0,0,0,0,3,2,4,4,4,2,2,2,2,2,0,3,3,3,3,2,2,1,0,2,3,0,0,0,2,4,1,0,3,3,0,0
5183,0,0,1,1,0,0,1,0,0,0,0,0,0,0,0,0,3,3,3,3,3,3,2,3,3,2,2,3,3,3,3,2,2,2,3,2,2,3,2,3,2,3,3,2,2,2,3,1
928,1,0,1,2,0,0,0,0,0,0,0,0,0,0,0,1,3,4,3,3,3,2,3,4,3,2,3,1,1,3,3,3,4,3,0,1,3,2,3,4,3,3,1,2,4,2,2,0
3743,1,2,1,3,0,0,0,0,0,0,0,0,0,0,0,0,4,4,3,4,3,2,2,4,1,4,2,2,1,4,4,3,3,2,0,2,4,2,4,4,4,4,2,4,4,0,2,0
3809,1,1,0,1,0,0,1,0,0,0,0,0,0,0,0,0,2,3,3,3,3,1,3,3,2,3,1,4,3,4,4,3,4,4,0,2,4,3,4,4,3,4,4,1,3,1,2,0
852,1,0,0,2,0,0,2,0,0,0,1,0,1,0,0,0,3,2,3,4,4,3,3,3,3,4,3,4,4,4,4,1,1,3,0,2,2,1,1,4,1,2,2,0,1,2,3,1
4247,1,0,2,2,0,0,1,1,0,0,0,0,0,0,0,0,4,4,4,4,3,3,3,3,4,3,3,3,2,4,4,4,4,3,1,2,2,3,4,4,4,4,3,3,3,4,3,1
5624,0,1,0,1,1,0,1,0,0,0,0,1,1,0,0,0,3,4,4,3,4,2,1,4,4,4,3,4,2,3,4,4,3,4,0,3,3,0,4,4,4,4,2,4,3,1,3,1
5269,1,1,0,0,1,1,0,0,0,0,1,0,0,1,0,0,3,3,3,2,1,2,3,3,4,3,3,1,0,4,2,1,1,1,0,3,0,2,0,0,1,3,3,1,2,1,3,0
706,0,0,0,0,0,0,0,0,0,0,0,0,0,0,0,0,3,4,4,4,1,2,3,2,3,3,2,0,0,0,1,3,3,0,0,2,1,3,2,4,4,4,0,0,3,2,2,0
4363,1,0,0,0,0,0,0,0,0,0,1,0,1,0,0,0,3,3,4,3,3,3,3,3,3,3,3,3,0,0,4,2,2,2,1,3,2,1,2,2,2,2,3,0,3,4,3,1
5962,0,0,3,1,1,0,1,0,0,0,1,0,0,0,0,0,3,4,3,4,4,3,3,3,3,3,3,2,1,3,3,4,4,2,0,1,4,3,4,4,4,4,3,2,4,3,4,1
1863,1,1,0,0,0,0,0,0,0,0,0,0,0,0,0,0,4,4,4,4,4,3,3,3,2,3,1,3,0,3,3,2,2,2,0,3,4,2,2,4,1,4,3,0,3,3,3,1
6294,0,1,2,0,0,0,0,0,0,0,0,0,1,1,0,0,1,2,4,3,4,4,2,3,4,2,2,0,0,1,4,4,3,2,2,4,3,1,4,3,2,3,1,4,3,2,3,1
4442,1,1,1,2,0,1,1,0,0,0,0,0,0,0,0,0,2,3,4,3,4,3,3,3,3,3,3,2,2,1,3,4,4,3,2,3,4,1,2,3,4,4,3,2,2,2,3,1
3784,1,1,2,4,2,0,0,0,0,0,0,2,0,0,0,0,3,4,3,4,2,3,2,3,4,3,1,3,0,3,4,3,3,3,0,3,3,3,3,4,3,3,4,3,3,1,3,0
4009,2,1,2,2,0,0,0,0,0,0,0,0,0,0,0,0,3,4,2,4,3,3,4,4,4,4,3,0,0,1,3,3,3,0,0,2,4,2,4,3,4,4,4,3,2,3,3,1
2626,0,1,3,3,0,0,0,0,0,0,0,0,0,0,0,0,3,4,3,4,4,2,1,3,3,2,2,3,3,3,4,4,3,0,2,2,4,3,3,4,2,3,2,0,2,2,2,1
1326,0,0,2,3,1,0,0,0,0,0,0,0,2,0,0,0,2,3,3,4,3,1,3,3,2,3,1,1,0,2,3,3,2,3,1,2,3,3,4,3,3,3,2,0,2,2,1,0
5763,1,0,0,0,0,0,0,0,0,0,1,0,0,0,0,0,3,4,4,4,4,4,4,4,4,4,4,4,0,4,4,4,4,2,0,0,4,2,4,4,4,4,4,2,4,2,4,0
1058,0,1,3,1,2,0,1,0,0,0,1,0,1,0,0,0,3,4,3,4,3,4,4,4,4,4,4,1,3,3,3,2,2,3,1,2,3,3,3,3,3,2,3,3,2,1,4,0
3798,0,1,2,0,2,0,0,0,0,0,0,0,0,0,0,0,2,4,3,3,3,3,3,3,3,3,2,2,2,4,3,2,2,3,1,2,2,4,4,4,2,2,4,2,2,3,3,1
53,0,0,0,0,2,0,1,0,0,0,0,0,0,1,0,0,3,2,4,3,3,3,4,4,3,2,2,1,1,0,3,2,3,0,0,4,3,3,4,4,4,4,3,1,3,2,2,1
5379,0,0,2,0,1,0,0,1,0,0,2,0,0,1,0,0,3,3,4,3,3,2,2,2,4,3,2,3,3,4,0,2,3,2,0,2,0,3,0,4,1,2,2,2,2,1,1,0
534,1,1,2,1,2,0,1,0,0,0,0,1,1,0,0,0,3,3,2,4,4,3,3,3,2,1,1,3,3,3,3,3,3,4,2,1,3,3,3,3,4,4,3,2,2,1,3,1
6355,0,0,2,0,0,0,0,0,0,0,0,1,0,0,0,0,4,4,2,4,4,4,3,4,2,4,0,4,4,2,2,4,4,4,2,2,2,4,4,4,3,4,0,2,2,3,1,0
3157,1,0,0,0,1,1,0,0,0,0,1,0,0,1,0,0,3,3,3,3,1,0,0,3,0,1,0,2,1,2,1,3,3,3,0,2,2,0,1,4,2,3,0,2,2,1,0,0
3704,0,1,0,0,0,0,0,0,0,0,0,1,0,0,0,0,2,4,4,3,4,3,3,3,3,3,3,3,0,3,3,4,3,4,1,4,4,2,3,4,3,4,2,1,4,2,3,0
5693,0,1,1,1,0,0,0,0,0,0,0,0,0,0,0,0,3,3,4,3,3,3,4,3,2,3,3,4,3,4,3,3,4,4,1,1,3,1,3,4,3,4,1,2,3,1,2,0
6019,1,1,0,0,1,0,1,1,0,0,0,0,1,0,0,0,2,2,1,3,4,2,1,2,2,3,2,2,1,2,3,3,3,1,1,1,2,1,1,3,2,3,3,3,4,2,2,1
3131,0,1,0,1,1,0,1,0,0,0,0,0,1,0,0,0,3,3,3,4,2,1,3,2,1,2,1,3,0,3,2,3,3,2,0,2,4,3,1,3,0,2,0,0,2,1,1,0
3218,0,1,0,1,1,1,0,0,0,0,0,0,0,0,0,0,2,1,3,3,2,2,2,2,1,2,2,3,1,2,4,3,3,3,1,2,4,0,3,2,2,3,2,1,3,2,2,1
6681,1,0,0,1,0,1,1,1,0,0,0,0,0,0,0,0,3,4,3,4,4,3,3,3,3,3,2,3,2,2,4,3,3,1,3,3,3,3,3,3,4,4,3,0,3,2,2,1
4088,1,0,0,0,1,0,0,0,0,0,0,0,0,0,0,0,2,2,2,2,2,2,2,3,3,2,2,4,4,3,3,3,3,2,1,2,3,2,3,3,3,2,1,1,2,2,2,0
6083,0,0,3,4,1,0,0,0,0,0,0,0,0,0,0,0,3,4,3,4,3,3,3,3,3,2,1,2,1,3,3,3,4,0,0,0,3,2,4,3,4,4,2,3,3,3,3,0
1467,0,0,1,0,2,0,0,0,0,0,1,0,0,0,0,0,1,2,1,2,2,2,2,2,2,2,2,2,0,2,2,2,2,1,2,1,3,3,2,3,3,2,2,1,3,2,2,0
1619,1,1,0,1,0,0,1,0,0,0,0,0,0,0,0,0,3,4,3,4,3,3,3,3,3,3,4,1,0,1,3,4,3,2,2,3,4,2,4,4,4,4,3,0,4,2,4,1
987,0,0,0,0,0,0,1,1,0,0,1,0,0,0,0,0,3,4,3,3,3,4,4,4,4,4,4,3,4,3,4,3,2,2,2,2,2,3,3,3,3,3,2,1,2,2,4,0
206,0,0,1,3,0,1,0,0,0,0,1,0,0,0,0,0,3,3,4,3,4,4,2,3,3,2,2,1,1,3,4,3,3,3,0,2,2,3,3,3,2,3,4,2,1,2,3,0
2547,1,1,2,2,0,0,0,0,0,0,0,0,0,0,0,0,3,3,3,4,2,2,3,2,3,2,2,3,3,2,2,3,3,2,3,3,4,2,2,4,2,3,2,0,3,3,2,1
3674,1,1,4,4,1,0,0,0,0,0,0,0,1,0,0,0,3,4,2,4,4,3,3,3,4,4,3,1,2,0,3,3,3,2,2,4,4,4,3,3,3,4,4,3,2,1,3,1
1515,1,1,2,0,0,0,0,0,0,0,0,1,1,0,0,0,3,4,3,3,3,2,2,3,3,3,1,1,2,2,3,4,4,2,1,3,4,2,3,3,3,3,2,1,2,2,2,0
5984,1,0,0,0,0,0,0,0,0,0,0,0,0,0,0,0,4,4,3,4,4,2,3,4,2,3,2,4,2,4,2,4,4,4,3,0,4,4,4,4,4,4,4,4,2,2,3,0
6438,1,0,0,0,0,0,0,0,0,0,1,0,0,0,0,0,3,3,3,3,3,3,1,2,3,2,1,3,1,2,3,3,3,1,0,3,3,2,1,4,3,4,3,0,4,3,1,0
5533,0,0,0,0,1,0,0,0,0,0,0,0,0,0,0,0,3,4,3,3,3,2,3,2,1,1,1,1,0,4,3,2,2,1,1,0,3,2,2,3,2,3,1,0,4,2,1,0
4580,1,0,1,0,0,0,0,0,0,0,1,0,0,0,0,0,3,4,4,3,4,1,3,3,3,2,1,4,3,2,3,1,1,0,0,3,2,2,2,2,1,2,3,1,2,2,2,0
2828,1,0,3,4,0,0,1,0,0,0,0,0,0,0,0,0,3,4,3,4,4,3,2,3,2,1,0,2,0,4,3,2,1,4,0,1,4,4,3,4,1,1,1,0,2,2,1,0
1437,1,1,3,0,0,0,0,0,0,0,0,0,0,0,0,0,2,3,2,3,2,1,1,3,2,3,1,4,4,3,4,4,4,4,0,2,4,2,3,4,3,2,1,2,3,4,1,0
5513,1,1,0,0,2,0,1,0,0,0,1,0,0,0,0,0,2,3,4,3,3,2,2,2,2,3,2,4,3,4,4,3,3,4,3,2,0,0,3,2,2,2,1,1,2,3,2,0
3362,0,0,3,1,1,0,1,1,0,0,1,0,1,0,0,0,3,2,3,4,3,3,2,2,2,3,2,2,0,3,4,3,4,0,1,2,4,0,1,3,2,3,0,0,3,1,2,0
2165,1,0,0,0,0,0,0,0,0,0,0,0,0,0,0,0,4,3,3,4,4,1,4,4,2,3,1,3,1,4,4,4,4,0,0,3,4,1,3,3,1,2,3,0,4,1,3,0
5390,1,1,0,0,0,0,2,0,0,0,1,0,0,0,0,0,4,3,3,4,3,4,2,2,3,3,1,4,2,3,3,2,1,4,2,4,4,2,1,4,3,4,2,0,3,2,2,1
2345,1,1,1,2,0,0,0,0,0,0,0,0,0,0,0,0,3,4,3,3,4,2,2,3,2,2,2,3,2,3,3,3,3,3,2,4,3,3,3,3,2,3,3,1,3,2,2,0
6399,0,0,0,0,0,0,0,1,0,0,1,1,1,0,0,0,3,4,3,4,2,3,4,3,3,4,3,3,4,1,4,4,3,2,3,3,3,1,2,3,3,3,1,0,3,4,3,1
5750,1,1,0,2,0,0,0,0,0,0,0,0,1,0,0,0,3,4,4,3,3,2,3,3,2,2,2,4,3,2,4,2,2,3,0,2,4,2,3,3,0,1,1,1,3,1,2,0
723,0,1,3,3,0,1,1,0,0,0,0,0,0,0,0,0,4,4,4,4,4,1,4,4,2,4,4,3,3,4,3,3,3,3,2,2,4,3,4,4,3,4,4,1,3,2,3,0
6547,0,1,3,0,0,0,1,0,0,0,1,0,0,0,0,0,3,4,3,3,4,0,1,2,1,4,1,1,3,2,4,4,3,0,3,3,4,3,3,4,4,3,4,2,3,3,2,0
3552,1,0,0,0,0,0,0,0,0,0,0,1,0,0,0,0,1,4,4,3,3,3,4,3,3,2,3,4,2,0,3,1,2,4,2,1,4,2,2,3,2,3,0,0,2,3,3,1
6219,1,0,1,0,1,1,1,0,0,0,0,1,0,0,0,0,2,4,3,4,2,3,2,3,2,3,2,3,0,2,4,1,1,2,3,3,4,2,0,3,3,4,1,0,2,4,2,1
6287,0,0,2,0,0,0,0,0,0,0,0,0,1,1,0,0,1,2,4,3,4,1,3,3,2,4,2,0,0,1,4,4,3,2,2,4,3,1,4,3,2,3,1,4,3,2,3,0
3198,0,0,1,2,1,0,0,0,0,0,0,0,1,0,0,0,3,3,2,3,3,3,3,3,3,2,3,1,0,3,3,3,4,3,1,0,4,1,2,2,2,4,1,0,3,2,3,1
6478,1,1,0,0,0,1,1,1,0,0,2,0,0,1,0,0,3,3,4,3,3,1,1,2,1,2,2,3,0,3,3,3,3,3,3,2,3,2,1,2,1,2,2,2,3,2,2,0
5337,0,0,3,0,0,1,0,0,0,0,1,0,1,0,0,0,3,3,4,4,4,2,3,3,3,3,2,4,4,4,4,3,3,3,1,0,1,2,2,4,3,4,3,2,3,3,3,0
1263,0,0,0,0,0,0,1,0,0,0,0,0,0,0,0,0,2,3,3,3,3,4,3,3,4,2,2,3,0,4,4,4,4,3,1,2,2,2,3,3,4,4,3,4,3,2,3,1
2399,0,1,1,0,0,0,1,0,0,0,0,0,1,0,0,0,3,3,4,4,4,2,3,3,3,3,2,3,2,4,4,2,1,0,3,2,4,2,0,4,0,3,4,0,2,3,2,0
6117,1,0,4,1,0,1,0,0,0,0,2,0,0,0,0,0,3,4,4,3,3,2,3,2,3,2,2,1,1,2,4,4,4,2,2,3,4,2,4,1,4,4,4,1,3,0,1,0
450,1,0,0,0,0,0,0,0,0,0,1,0,0,0,0,0,3,4,3,3,3,4,3,3,3,3,3,3,1,1,4,4,3,3,1,1,4,2,3,4,4,4,3,1,2,2,3,1
2400,0,0,1,0,0,0,0,0,0,0,0,0,1,0,0,0,3,3,4,4,4,3,3,1,4,1,2,3,2,4,4,2,1,0,3,2,4,2,0,4,0,3,4,0,3,3,3,1
2063,0,0,0,0,0,1,0,1,0,0,1,0,1,0,0,0,3,4,2,4,3,2,3,3,3,2,2,3,4,3,4,4,3,0,0,1,4,4,4,4,4,4,4,2,1,1,3,0
6369,0,0,2,0,2,0,0,0,0,0,0,1,0,0,0,0,4,4,2,4,4,2,2,2,2,2,0,4,4,2,2,4,4,4,2,2,2,4,4,4,3,4,0,2,2,3,0,0
4308,1,0,4,4,1,0,0,0,0,0,0,0,0,0,0,0,2,4,3,3,2,2,3,3,0,1,0,0,2,4,4,4,4,3,0,3,4,2,4,3,3,3,3,0,1,0,1,0
156,0,0,4,0,0,0,0,0,0,0,0,0,0,0,0,0,3,4,3,3,2,3,3,4,3,4,3,3,1,3,3,2,1,2,2,3,4,4,3,4,2,3,3,1,2,2,4,0
1839,1,1,0,0,0,1,1,0,0,0,0,1,0,0,0,0,3,3,2,4,3,2,3,3,2,3,1,0,0,3,3,3,3,2,1,0,4,3,3,3,2,3,1,2,3,2,1,0
1258,0,0,0,0,1,0,0,0,0,0,0,0,0,0,0,0,2,3,3,3,3,4,3,3,4,3,3,3,0,4,4,4,4,3,1,2,2,2,3,3,4,4,3,4,2,2,3,1
4525,1,0,1,0,0,0,1,1,0,0,1,0,0,2,0,0,4,3,4,4,4,1,4,4,0,4,0,4,3,3,1,1,1,1,1,1,1,2,1,2,4,4,0,3,1,2,1,0
1169,1,0,2,3,0,1,0,0,0,0,0,0,1,1,0,0,3,3,3,4,2,1,1,2,3,2,1,2,1,2,4,4,3,3,2,3,2,2,4,3,3,3,1,4,2,3,1,1
5053,1,1,3,3,0,0,0,0,0,1,0,0,0,0,0,0,3,4,2,4,4,0,0,1,2,4,0,4,3,2,3,0,0,3,4,0,3,0,0,1,1,2,0,0,2,2,0,0
4230,2,1,0,1,2,0,0,0,0,0,0,0,1,0,0,0,3,4,3,3,4,4,3,3,3,3,4,2,0,2,4,4,4,3,0,1,4,1,4,4,4,4,2,2,2,3,3,1
1556,0,1,1,1,0,0,0,0,0,0,0,0,0,0,0,0,3,3,3,4,3,3,2,3,3,4,3,3,3,3,4,4,4,2,0,3,4,3,4,3,2,2,3,4,3,2,3,1
5815,1,0,0,0,0,0,0,0,0,0,0,0,0,0,0,0,2,4,3,4,3,2,2,3,2,2,2,1,1,1,4,2,0,0,0,3,3,3,3,3,3,3,3,1,3,2,2,0
739,1,0,1,0,1,0,0,0,0,0,1,0,0,0,0,0,3,4,3,4,4,2,4,3,2,2,2,0,0,0,4,3,3,3,3,4,3,0,4,3,3,4,1,0,3,2,2,0
2976,0,1,2,2,1,0,1,0,0,0,0,1,0,0,0,0,2,4,2,3,2,3,2,2,2,2,3,2,1,2,3,2,2,2,2,2,2,3,2,3,3,3,4,1,2,2,3,0
4636,1,0,1,0,0,0,0,0,0,0,1,0,0,0,0,0,2,3,3,4,3,3,3,2,3,3,2,4,2,4,2,1,1,0,0,3,3,1,1,3,2,3,2,0,3,2,3,0
4710,1,0,3,0,1,0,1,1,0,0,1,1,1,0,0,0,3,3,3,3,4,3,3,3,2,3,1,2,2,4,4,4,4,2,3,1,3,4,3,4,4,4,4,0,2,2,2,1
6652,1,0,0,0,0,0,0,0,0,1,1,0,0,0,0,0,3,4,3,3,3,1,3,3,2,2,1,4,2,4,3,3,3,0,0,3,4,1,4,3,4,4,2,2,2,2,2,0
6183,0,0,1,0,1,1,1,0,0,0,0,1,0,0,0,0,3,4,4,3,3,3,3,3,3,3,3,3,3,3,3,3,3,4,3,2,3,2,3,3,3,3,2,2,3,2,3,1
2893,1,1,0,0,0,0,0,0,0,0,0,1,1,1,1,0,4,4,4,4,4,0,3,4,0,4,0,1,1,1,3,3,2,3,1,4,4,0,4,4,4,4,4,0,2,4,0,1
5019,0,1,0,0,1,0,1,0,0,0,0,0,0,0,0,0,3,3,4,3,4,2,3,3,3,3,3,3,3,4,3,4,3,1,2,0,2,0,1,3,2,4,0,0,2,2,3,0
229,1,0,1,3,0,1,0,0,0,0,1,0,1,0,0,0,2,3,2,3,3,3,3,4,2,2,1,1,2,4,3,3,2,2,3,2,4,4,3,3,2,2,3,4,1,1,2,0
5424,0,1,3,0,1,0,0,1,0,0,2,0,0,1,0,0,3,4,4,4,3,4,4,3,3,3,2,3,0,2,3,3,2,2,1,0,4,3,2,4,0,2,1,0,2,2,3,1
1436,1,1,3,0,0,0,0,0,0,0,0,0,0,0,0,0,2,3,2,3,2,2,2,2,1,2,2,4,4,3,4,4,4,4,0,2,4,2,3,4,3,2,1,2,2,4,1,0
5306,0,1,0,2,1,1,0,0,0,0,0,0,0,0,0,0,3,4,4,4,3,3,3,4,3,4,3,2,3,3,3,4,4,3,2,2,4,3,4,4,4,4,2,2,3,2,3,0
5474,1,0,1,1,0,0,0,0,0,0,0,0,0,0,0,0,3,4,4,4,3,3,4,3,3,2,2,2,3,2,4,4,4,3,0,1,4,1,4,4,3,3,1,4,3,2,2,0
1033,0,0,0,0,0,0,1,1,0,0,1,1,1,0,0,0,3,3,4,4,3,3,2,3,3,2,2,4,3,3,3,2,1,2,2,2,0,3,0,2,3,3,2,4,1,0,3,1
740,1,1,1,0,1,0,1,0,0,0,1,0,0,0,0,0,3,4,3,4,4,2,4,4,2,3,2,0,0,0,4,3,3,3,3,4,3,0,4,3,3,4,1,0,1,2,2,0
4607,0,1,4,3,0,0,0,0,0,0,1,0,0,0,0,0,2,4,3,4,4,2,4,3,2,2,2,1,0,1,4,2,2,3,3,1,1,4,3,4,2,2,4,2,3,2,2,0
4312,0,0,0,0,1,0,0,0,0,0,0,0,1,1,0,0,3,3,3,3,3,2,3,3,3,3,2,2,0,3,4,1,2,0,1,4,4,2,2,3,1,2,3,1,3,2,2,0
3854,1,0,0,0,0,1,0,0,0,0,2,0,0,0,0,0,4,4,4,4,1,2,2,2,3,2,2,4,3,4,4,3,2,3,4,0,3,1,2,3,4,4,4,3,2,3,3,0
4568,1,1,2,2,1,0,0,0,0,0,2,0,0,0,0,0,2,3,2,3,3,3,3,2,2,2,2,4,4,3,3,3,3,2,2,2,2,2,4,4,4,3,1,1,2,3,3,1
2276,0,0,4,2,1,0,0,1,0,0,0,0,0,0,0,0,3,3,4,3,4,4,4,4,4,4,4,4,3,3,3,2,2,0,1,1,1,3,3,2,2,3,4,2,3,2,4,1
3182,0,1,0,0,1,0,1,0,0,0,0,1,0,0,0,0,3,2,2,3,3,1,3,2,2,2,2,1,3,2,4,3,2,1,3,3,1,4,2,4,1,4,4,0,2,1,2,0
4581,1,1,1,0,1,0,1,0,0,0,1,0,0,0,0,0,3,4,4,3,4,1,2,2,2,2,1,4,3,2,3,1,1,0,0,3,2,2,2,2,1,2,3,1,3,2,1,0
5030,0,0,2,2,0,0,0,0,0,0,0,0,0,0,0,0,3,4,3,4,3,3,4,3,3,3,2,4,1,0,1,3,3,4,0,3,3,0,2,3,4,4,2,0,2,3,3,1
2304,1,0,4,1,0,0,1,0,0,0,0,0,0,0,0,0,3,3,2,4,4,3,3,3,4,4,4,4,1,4,3,4,4,4,0,0,4,2,3,3,3,3,2,0,2,2,2,1
3296,1,0,3,1,0,1,0,0,0,0,1,1,0,0,0,0,3,4,2,3,3,4,3,2,2,2,3,2,0,2,3,3,1,3,0,1,0,2,3,3,3,3,1,0,2,2,2,0
5049,1,0,3,3,0,0,1,0,0,0,0,0,0,0,0,0,3,4,2,4,4,2,4,1,1,1,0,4,3,2,3,0,0,3,4,0,3,0,0,1,1,2,0,0,0,2,1,0
6361,0,0,2,0,1,0,1,0,0,0,0,1,0,0,0,0,4,4,2,4,4,2,3,3,1,3,0,4,4,2,2,4,4,4,2,2,2,4,4,4,3,4,0,2,3,3,1,0
1271,0,0,3,3,1,0,0,0,0,0,0,0,0,0,0,0,3,4,3,3,3,1,2,2,2,2,2,0,1,0,4,4,4,0,0,3,1,1,4,4,3,3,1,1,3,2,2,0
5027,0,0,2,2,0,0,0,1,0,0,0,0,0,0,0,0,3,4,3,4,3,3,3,3,3,3,3,4,1,0,1,3,3,4,0,3,3,0,2,3,4,4,2,0,3,3,3,1
5426,0,0,3,0,1,0,0,1,0,0,2,0,0,1,0,0,3,4,4,4,3,4,4,4,4,4,4,3,0,2,3,3,2,2,1,0,4,3,2,4,0,2,1,0,4,2,4,1
5873,1,0,0,0,0,1,0,0,0,0,1,0,1,1,0,0,4,4,4,4,4,4,4,4,4,4,0,4,4,4,4,4,4,4,0,1,4,3,2,2,0,2,4,4,2,3,4,1
5057,1,0,3,3,0,0,0,0,0,0,0,0,0,0,0,0,3,4,2,4,4,2,4,3,1,2,0,4,3,2,3,0,0,3,4,0,3,0,0,1,1,2,0,0,1,2,0,0
6132,1,0,0,0,1,1,0,0,0,0,0,1,1,1,0,0,3,4,3,4,3,1,4,3,2,3,0,0,0,4,4,2,3,1,0,0,4,1,4,3,1,1,1,4,1,1,2,0
3250,0,1,4,4,1,0,1,0,0,0,0,0,1,0,0,0,4,4,4,4,4,2,1,1,1,1,1,3,3,4,4,4,4,2,2,2,3,3,4,4,4,3,4,2,3,3,1,0
6170,1,0,0,0,1,0,0,0,0,0,1,0,1,0,0,0,3,4,3,3,2,3,3,2,2,2,1,1,2,3,3,4,3,2,0,4,4,3,4,3,2,2,3,0,3,2,2,0
5729,0,1,3,0,0,0,0,0,0,0,1,0,0,0,0,0,3,3,3,4,2,1,3,3,0,2,0,1,1,3,4,3,3,0,0,2,3,0,3,4,4,4,2,0,3,2,2,0
561,0,1,0,0,0,1,1,0,0,0,1,0,1,1,0,0,2,3,2,3,3,2,2,3,2,3,2,4,4,2,3,2,2,1,1,1,2,2,1,4,4,4,0,0,3,2,2,0
5162,0,1,0,0,2,0,0,0,0,0,0,0,1,0,0,0,3,4,3,4,3,3,2,3,2,3,1,3,1,2,4,3,3,3,1,1,4,3,3,3,1,2,2,1,3,2,2,0
890,0,0,0,1,0,0,0,0,0,0,0,0,1,0,0,0,1,3,1,4,0,3,4,3,3,2,2,0,1,0,4,2,2,1,4,0,4,3,3,4,0,3,2,1,2,2,3,1
1291,1,0,1,2,1,0,0,0,0,0,0,1,0,0,0,0,3,4,4,3,4,1,3,4,1,3,1,0,1,1,4,3,2,3,1,3,3,1,2,3,2,3,2,1,2,1,1,0
6389,0,0,3,1,0,0,0,0,0,1,1,0,0,0,0,0,3,4,3,3,3,3,3,3,3,3,4,3,3,2,3,2,1,1,3,2,4,3,2,3,2,3,2,0,2,2,3,1
1059,0,0,3,1,4,0,0,0,0,0,1,0,1,0,0,0,3,4,3,4,3,3,3,4,3,4,3,1,3,3,3,2,2,3,1,2,3,3,3,3,3,2,3,3,1,1,3,0
988,0,0,0,0,0,0,0,0,0,0,1,0,0,0,0,0,3,4,3,3,3,2,4,3,3,3,3,3,4,3,4,3,2,2,2,2,2,3,3,3,3,3,2,1,3,2,3,0
5643,1,0,0,0,1,0,0,0,0,0,0,0,0,1,0,0,4,4,4,3,3,3,3,3,2,3,2,4,0,4,4,3,3,4,0,4,3,0,1,1,3,4,2,4,3,4,2,0
4591,1,0,1,0,0,0,0,0,0,0,1,0,0,0,0,0,3,4,4,3,4,0,1,2,1,2,1,4,3,2,3,1,1,0,0,3,2,2,2,2,1,2,3,1,3,2,1,0
203,0,0,1,3,1,1,1,0,0,0,1,0,0,0,0,0,3,3,4,3,4,1,2,2,2,2,2,1,1,3,4,3,3,3,0,2,2,3,3,3,2,3,4,2,1,2,2,0
6130,1,1,0,0,2,0,0,1,0,0,0,1,1,1,0,0,3,4,3,4,3,2,3,3,3,3,2,0,0,4,4,2,3,1,0,0,4,1,4,3,1,1,1,4,3,1,2,1
2511,1,1,2,0,0,0,0,0,0,0,0,0,0,0,0,0,3,4,3,4,4,3,2,3,3,3,1,2,2,1,3,2,1,1,1,3,3,3,3,3,1,1,1,0,3,2,3,1
6252,0,1,4,2,1,0,0,0,0,0,0,0,1,0,0,0,2,4,3,3,3,3,2,3,3,3,1,1,0,3,4,3,3,2,1,3,3,3,3,3,2,2,3,2,1,2,2,1
2975,0,1,2,2,0,1,0,0,0,0,0,1,0,0,0,0,2,4,2,3,2,3,3,2,3,2,1,2,1,2,3,2,2,2,2,2,2,3,2,3,3,3,4,1,2,2,3,1
813,1,0,0,0,0,0,0,0,0,0,1,1,0,0,0,0,4,4,4,4,3,1,3,3,1,1,0,2,2,2,3,4,4,2,2,4,2,2,4,4,4,4,3,2,4,3,3,1
4572,1,0,2,2,0,0,1,1,0,0,2,0,0,0,0,0,2,3,2,3,3,2,2,2,1,2,2,4,4,3,3,3,3,2,2,2,2,2,4,4,4,3,1,1,2,3,2,0
1574,1,1,3,1,0,0,0,0,0,0,0,0,0,0,0,0,3,4,4,4,3,2,3,3,1,4,3,3,1,2,4,4,4,2,0,0,4,4,4,4,2,3,4,3,2,2,3,0
3550,1,0,0,0,0,0,0,0,0,0,0,1,0,0,0,0,1,4,4,3,3,1,0,2,0,3,0,4,2,0,3,1,2,4,2,1,4,2,2,3,2,3,0,0,2,3,1,0
1514,0,0,0,1,0,0,1,1,0,0,0,0,1,1,0,0,4,4,4,4,3,2,1,3,4,4,4,2,2,2,2,2,2,2,4,3,2,2,2,2,2,3,2,2,1,3,3,1
5996,0,0,0,0,1,0,0,0,0,0,0,0,0,0,0,0,3,3,3,3,3,3,3,3,4,4,3,4,4,4,4,4,3,3,1,2,3,2,3,2,2,3,1,0,3,2,3,0
6040,0,0,0,0,1,0,0,0,0,0,0,0,0,1,0,0,3,1,4,3,3,1,1,1,1,0,0,2,2,2,3,3,4,4,1,4,3,2,3,4,4,4,3,3,2,2,1,1
3248,0,0,4,4,1,0,0,0,0,0,0,0,1,0,0,0,4,4,4,4,4,3,3,3,3,2,2,3,3,4,4,4,4,2,2,2,3,3,4,4,4,3,4,2,2,3,3,1
1523,0,1,2,0,0,0,0,0,0,0,0,0,0,0,0,0,3,3,3,4,4,3,3,3,3,3,3,4,3,4,2,2,2,1,1,3,3,2,1,3,4,3,3,1,4,2,3,0
4808,1,0,0,2,1,0,0,0,0,0,1,0,1,0,0,0,3,4,4,4,3,2,4,4,3,3,2,3,0,2,3,2,3,4,0,4,4,0,1,2,2,2,1,0,3,1,2,0
2616,0,0,0,1,0,0,0,0,0,0,1,0,0,1,0,0,4,4,4,4,4,1,3,3,0,2,1,4,3,3,2,3,3,1,0,3,1,2,2,3,1,4,0,1,3,1,1,0
5808,0,0,0,0,0,0,0,0,0,0,1,1,0,0,0,0,3,4,2,3,2,3,3,2,2,2,0,1,1,0,3,2,1,0,2,0,3,3,2,4,2,4,2,0,2,2,1,0
1654,1,1,2,0,0,0,0,0,0,0,0,0,0,0,0,0,3,4,2,3,4,1,3,3,1,3,2,0,0,4,4,3,3,2,0,0,4,1,4,4,2,3,3,1,3,1,2,0
3018,0,0,0,0,2,0,0,0,0,0,0,0,0,0,0,0,3,4,3,3,4,3,1,4,4,3,3,3,1,3,3,3,3,1,0,3,3,2,3,3,2,3,2,2,3,2,3,1
6692,1,0,0,1,0,0,0,0,0,1,0,0,0,0,0,0,3,4,3,4,4,1,3,3,3,3,2,3,2,2,4,3,3,1,3,3,3,3,3,3,4,4,3,0,3,2,1,0
4161,0,1,3,2,1,0,0,0,0,0,0,0,1,1,0,0,3,4,3,4,3,4,3,4,4,3,2,2,0,4,2,2,2,1,1,3,4,2,3,3,3,4,2,4,2,2,4,1
1464,0,0,3,2,2,0,0,0,0,0,1,1,0,0,0,0,4,4,4,4,4,2,4,3,4,3,3,4,3,3,3,3,3,2,0,3,4,2,3,3,4,4,2,3,3,2,3,1
2944,0,0,1,0,1,0,1,0,0,0,0,0,0,0,0,0,2,3,2,3,2,2,2,2,2,2,2,2,3,4,2,2,2,1,0,2,2,1,3,3,3,3,4,0,1,2,2,0
6135,1,1,0,0,1,0,0,1,0,0,0,1,1,1,0,0,3,4,3,4,3,2,2,3,3,2,1,0,0,4,4,2,3,1,0,0,4,1,4,3,1,1,1,4,2,1,2,0
4142,0,1,0,1,1,0,0,2,0,0,0,0,0,0,0,0,3,3,3,3,4,4,3,3,3,3,3,4,3,2,2,3,2,1,1,4,1,1,4,4,4,4,4,2,3,2,3,1
4440,1,0,1,2,0,1,0,0,0,0,0,0,0,0,0,0,2,3,4,3,4,2,2,2,2,2,1,2,2,1,3,4,4,3,2,3,4,1,2,3,4,4,3,2,3,2,2,0
4732,0,0,4,2,1,0,0,0,0,0,0,0,0,0,0,0,3,3,4,3,4,4,4,4,3,4,4,3,2,3,4,4,4,1,1,3,2,3,4,4,2,2,2,1,3,3,4,1
2848,1,0,0,0,0,0,0,0,0,0,1,0,0,0,0,0,2,2,3,3,3,2,2,4,2,3,1,3,0,3,3,2,0,3,2,3,2,1,3,3,1,3,2,0,2,2,2,0
826,1,2,3,4,0,1,0,0,0,0,0,1,1,0,0,0,3,3,3,4,2,2,4,3,3,3,2,2,1,2,3,2,2,0,0,1,2,2,3,3,1,3,2,0,3,2,2,0
2989,0,0,2,2,1,0,0,0,0,0,1,0,1,0,0,0,3,4,3,4,4,3,3,3,3,3,2,3,0,2,4,4,4,4,1,1,4,0,2,4,4,4,1,4,1,1,2,0
6640,1,1,0,0,0,1,1,1,0,0,1,0,0,0,0,0,3,4,3,3,3,2,2,3,3,2,2,4,2,4,3,3,3,0,0,3,4,1,4,3,4,4,2,2,3,2,2,1
1196,0,1,0,1,0,0,0,0,0,0,0,0,0,0,0,0,3,4,4,4,3,3,3,2,2,2,3,4,3,2,3,2,3,0,3,3,4,2,2,2,2,3,0,3,2,2,3,1
5206,1,1,0,0,0,0,0,0,0,0,2,0,0,0,0,0,3,3,4,4,3,2,4,4,3,3,1,3,3,3,4,3,3,3,2,3,4,3,3,3,3,3,3,2,3,3,2,0
375,0,1,0,1,1,0,1,0,0,0,0,1,0,0,0,0,3,3,2,3,3,2,3,3,3,3,3,4,3,2,2,3,3,3,1,3,3,1,1,2,2,2,0,3,1,3,3,0
4003,1,0,0,1,0,0,0,0,0,0,0,0,0,0,0,1,3,4,3,3,3,3,3,3,2,3,2,2,3,4,4,4,4,3,3,3,4,3,4,4,4,4,1,2,2,2,3,1
5702,1,1,1,1,0,0,1,0,0,0,0,0,0,0,0,0,3,3,3,3,3,2,3,3,2,3,0,4,3,4,4,3,3,4,0,3,2,1,3,3,3,3,3,3,3,2,3,1
1923,1,0,4,0,0,0,0,0,0,0,0,1,0,0,0,0,2,4,3,3,2,3,3,2,3,2,0,3,2,2,4,4,4,3,1,1,2,2,3,3,3,3,2,1,1,3,3,0
3219,0,0,0,1,1,0,0,0,0,0,0,0,0,0,0,0,2,1,3,3,2,1,2,2,2,2,1,3,1,2,4,3,3,3,1,2,4,0,3,2,2,3,2,1,2,2,2,0
1325,0,2,2,3,1,0,0,0,0,0,0,0,2,0,0,0,2,3,3,4,3,2,4,3,2,3,1,1,0,2,3,3,2,3,1,2,3,3,4,3,3,3,2,0,2,2,2,0
72,0,0,0,0,0,1,0,1,0,0,2,0,0,1,0,0,4,4,4,4,4,2,3,4,2,3,2,4,3,4,3,3,2,1,1,2,2,2,1,3,3,4,2,2,3,3,3,0
5775,1,1,1,1,0,0,1,0,0,0,0,0,0,0,0,0,3,3,3,3,3,4,4,4,4,4,3,2,4,4,3,3,3,1,2,2,4,3,3,3,3,3,3,1,2,2,4,1
1094,0,0,0,0,0,0,0,0,0,0,1,0,0,1,0,0,4,4,4,4,4,3,3,4,3,4,3,4,2,3,3,1,1,4,3,3,2,3,1,4,2,3,2,0,4,3,3,1
6554,0,0,3,0,0,1,1,1,0,0,1,0,0,0,0,0,3,4,3,3,4,3,4,2,3,2,0,1,3,2,4,4,3,0,3,3,4,3,3,4,4,3,4,2,3,3,3,1
4409,1,0,2,0,0,0,1,1,0,0,1,1,1,0,0,0,3,3,3,4,4,2,3,3,2,2,1,4,3,4,4,1,1,1,2,0,4,2,1,3,2,2,3,0,1,2,2,0
1229,1,0,2,1,1,0,0,1,0,0,0,1,1,0,0,0,3,3,2,4,4,2,2,3,2,2,1,3,3,3,3,3,3,4,2,1,3,3,3,3,4,4,3,2,2,1,2,1
3857,1,1,0,0,0,0,0,0,0,0,2,0,0,0,0,0,4,4,4,4,1,2,2,3,3,3,3,4,3,4,4,3,2,3,4,0,3,1,2,3,4,4,4,3,2,3,2,1
997,0,0,1,2,0,0,1,0,0,0,2,0,0,0,0,0,3,3,3,3,3,1,2,1,1,2,1,4,4,3,3,1,0,2,2,2,0,3,0,3,3,3,3,2,2,2,1,0
104,0,0,0,0,2,0,1,0,0,0,4,0,0,0,0,0,3,3,4,4,4,2,2,3,3,4,3,4,4,4,4,4,4,1,4,4,3,1,3,3,2,2,2,4,3,2,2,0
5438,0,1,1,3,0,0,2,0,0,0,2,0,0,0,0,1,4,2,3,4,4,3,3,3,3,2,2,3,1,4,4,4,4,4,4,1,2,3,4,4,4,4,2,4,3,1,3,1
5330,0,1,0,2,1,1,1,0,0,0,0,0,0,0,0,0,3,3,3,3,3,1,4,4,1,4,0,1,0,3,4,2,2,3,1,3,2,2,3,4,4,4,3,1,3,1,1,0
434,0,1,4,4,0,0,0,0,0,0,0,0,0,1,0,0,2,3,2,3,3,1,2,3,2,2,2,3,2,1,2,1,1,1,1,1,1,3,1,2,1,2,1,0,2,2,1,0
154,0,0,4,0,0,1,0,0,0,0,0,0,0,0,0,0,3,4,3,3,2,3,3,3,2,4,2,3,1,3,3,2,1,2,2,3,4,4,3,4,2,3,3,1,1,2,3,0
3245,0,0,4,4,1,0,1,0,0,0,0,0,1,0,0,0,4,4,4,4,4,3,2,3,2,2,2,3,3,4,4,4,4,2,2,2,3,3,4,4,4,3,4,2,2,3,2,1
887,0,2,0,1,0,1,0,0,0,0,0,0,1,0,0,0,1,3,1,4,0,4,4,4,4,4,4,0,1,0,4,2,2,1,4,0,4,3,3,4,0,3,2,1,2,2,4,1
2969,0,1,2,2,2,0,0,0,0,0,0,1,0,0,0,0,2,4,2,3,2,2,3,2,1,2,1,2,1,2,3,2,2,2,2,2,2,3,2,3,3,3,4,1,1,2,2,0
1375,1,1,0,0,0,0,1,0,0,0,1,1,0,0,0,0,4,4,4,4,3,1,3,3,2,3,1,2,2,2,3,4,4,2,2,4,2,2,4,4,4,4,3,2,4,3,2,0
4818,0,1,2,0,2,0,0,1,0,0,0,0,0,1,0,0,1,3,3,3,3,3,3,4,4,4,2,1,1,1,4,4,4,4,0,1,4,2,3,4,2,4,3,3,3,1,4,1
6647,1,0,0,0,0,0,1,0,0,0,1,0,0,0,0,0,3,4,3,3,3,3,3,3,3,2,2,4,2,4,3,3,3,0,0,3,4,1,4,3,4,4,2,2,3,2,3,1
5460,1,1,1,1,0,0,1,0,0,0,1,1,1,0,0,0,2,2,3,3,2,2,2,2,2,2,2,2,1,2,2,2,2,2,2,1,2,2,1,3,2,2,1,0,2,2,2,1
6196,0,1,1,0,1,0,1,1,0,0,0,1,0,0,0,0,3,4,4,3,3,3,3,4,4,4,3,3,3,3,3,3,3,4,3,2,3,2,3,3,3,3,2,2,2,2,3,1
1220,0,0,0,1,1,0,1,1,0,0,0,0,2,1,0,0,2,3,4,3,3,3,3,3,2,2,2,2,1,3,2,4,3,2,0,0,4,0,3,4,1,2,2,0,2,2,3,1
582,0,1,3,0,0,0,1,0,0,0,1,0,0,0,0,0,3,4,3,3,3,2,3,3,2,2,2,3,1,3,4,2,2,3,0,4,2,2,3,3,2,3,3,1,4,3,2,0
368,0,1,0,1,0,0,0,0,0,0,0,1,0,0,0,0,3,3,2,3,3,2,3,2,2,2,2,4,3,2,2,3,3,3,1,3,3,1,1,2,2,2,0,3,1,3,2,0
5934,0,0,2,2,1,0,1,0,0,0,0,0,0,0,0,0,3,4,4,4,3,3,3,3,3,2,1,3,2,0,3,3,2,3,1,0,3,3,2,4,4,3,3,3,3,2,3,0
1929,0,0,3,1,0,0,1,0,0,0,0,0,0,0,0,0,4,4,3,4,4,0,2,3,0,1,0,2,4,2,3,2,1,0,1,3,4,3,2,3,1,1,2,0,2,2,1,0
6535,0,1,0,0,0,1,1,1,0,0,1,1,0,0,0,0,3,4,4,4,3,2,3,2,3,2,1,4,4,3,3,1,2,1,1,3,1,4,2,4,4,4,4,1,1,3,2,1
4893,0,0,0,2,0,0,1,1,0,0,0,0,0,0,0,0,3,4,4,4,3,3,3,3,2,3,2,1,3,3,4,4,4,3,3,3,4,4,4,4,4,4,3,3,2,1,3,1
1187,0,0,0,0,1,0,1,0,0,0,1,1,1,0,0,0,1,3,1,3,0,2,2,2,2,3,0,3,4,2,2,3,3,0,2,2,4,2,3,1,2,2,0,0,2,1,2,0
4285,0,1,4,0,1,0,0,2,0,0,2,0,0,0,0,0,2,4,3,3,3,4,3,3,3,3,3,4,0,3,3,3,3,3,0,4,4,0,4,4,4,4,4,0,2,3,3,0
5787,1,0,0,0,0,0,0,0,0,0,0,0,0,0,0,0,3,4,3,4,4,3,3,2,3,2,2,3,0,1,4,3,2,1,0,4,3,0,3,4,2,3,0,0,2,3,2,0
2572,1,0,0,1,0,0,0,0,0,0,0,0,0,0,0,0,3,4,3,3,3,2,2,3,2,2,2,2,1,1,3,2,2,2,2,3,4,0,3,4,0,1,0,3,2,2,3,0
2832,1,1,0,2,0,1,0,0,0,0,0,0,1,0,0,1,2,3,2,3,3,2,3,3,2,2,1,1,0,0,2,3,3,1,3,2,4,0,3,3,2,2,0,2,3,0,3,1
3649,1,0,0,0,1,0,1,0,0,0,0,0,1,0,0,0,4,4,3,4,3,2,3,3,3,3,3,3,3,1,4,4,4,0,0,3,4,1,4,4,3,3,3,2,2,2,3,0
5147,0,1,3,1,2,0,0,0,0,0,0,1,0,0,0,0,3,4,3,3,2,3,3,3,3,3,2,0,0,2,4,3,3,2,2,2,4,3,3,4,3,4,3,3,3,2,3,0
447,0,0,4,4,2,0,0,0,0,0,0,0,0,1,0,0,2,3,2,3,3,3,3,3,3,3,2,3,2,1,2,1,1,1,1,1,1,3,1,2,1,2,1,0,3,2,2,0
2045,0,0,0,3,0,1,0,0,1,0,0,0,0,0,0,0,3,4,4,4,4,1,3,3,2,1,2,3,2,3,3,1,0,2,3,3,4,2,1,2,3,3,1,2,2,1,2,0
4192,0,1,1,1,2,0,0,0,0,0,0,1,0,0,0,0,2,4,4,4,4,3,4,4,3,3,3,1,2,0,4,4,4,0,0,4,4,3,4,3,3,3,4,2,2,2,2,1
1834,1,1,0,1,0,0,0,0,0,0,0,0,0,0,0,0,3,4,3,3,3,4,4,4,4,4,4,4,3,3,4,4,3,3,0,2,1,0,3,2,3,3,1,1,3,2,4,1
4469,0,0,0,0,0,0,0,0,0,0,0,0,1,0,0,0,2,3,3,3,3,3,3,3,3,3,3,1,2,1,3,4,3,1,3,4,4,4,3,4,3,4,3,1,3,1,3,1
3353,0,0,3,1,0,0,0,0,0,0,1,0,1,0,0,0,3,2,3,4,3,3,2,3,3,3,3,2,0,3,4,3,4,0,1,2,4,0,1,3,2,3,0,0,2,1,3,1
4664,2,1,1,2,1,0,0,1,0,0,0,0,0,0,0,0,2,4,2,3,4,3,4,4,3,3,3,1,1,2,3,3,3,3,0,0,2,3,3,4,2,2,1,2,3,2,4,1
1527,0,1,2,0,1,1,1,0,0,0,0,0,0,0,0,0,3,3,3,4,4,3,3,3,3,2,3,4,3,4,2,2,2,1,1,3,3,2,1,3,4,3,3,1,3,2,3,0
5401,0,0,0,0,0,1,0,0,0,0,0,1,1,0,0,0,2,4,2,3,1,2,3,3,2,1,1,3,2,2,3,1,0,2,0,2,2,1,1,3,1,4,0,1,3,1,2,0
6160,0,1,3,4,1,0,1,1,0,0,1,0,1,0,0,0,3,4,4,4,4,2,3,3,2,3,2,4,2,4,2,3,3,3,0,1,4,1,3,3,3,3,0,0,2,2,2,0
1106,0,0,1,0,0,0,0,0,0,0,1,0,0,0,0,0,3,3,3,4,4,3,3,4,3,3,4,4,3,4,3,1,1,2,3,4,3,2,4,4,2,3,0,0,3,2,4,1
303,0,0,4,2,0,0,1,0,0,0,1,0,1,0,0,0,1,4,3,4,2,2,1,1,3,1,1,1,4,1,3,3,3,2,3,4,3,2,2,3,3,4,1,0,3,1,0,0
5466,1,0,1,1,0,0,0,0,0,0,1,1,1,0,0,0,2,2,3,3,2,2,1,2,2,2,2,2,1,2,2,2,2,2,2,1,2,2,1,3,2,2,1,0,3,2,1,0
4341,0,1,3,1,2,0,0,0,0,0,0,1,0,0,0,0,3,4,3,3,3,2,3,3,2,2,2,4,3,2,4,3,3,4,4,0,3,2,3,3,4,4,3,3,2,3,3,0
6448,1,0,0,0,0,0,1,0,0,0,1,0,0,0,0,0,3,3,3,3,3,3,3,4,4,3,3,3,1,2,3,3,3,1,0,3,3,2,1,4,3,4,3,0,3,3,3,1
2395,0,0,1,0,0,0,0,0,0,0,0,0,1,0,0,0,3,3,4,4,4,1,3,3,2,2,1,3,2,4,4,2,1,0,3,2,4,2,0,4,0,3,4,0,3,3,1,0
3043,1,0,1,1,0,0,1,1,0,0,0,0,0,0,0,0,2,4,3,4,2,2,4,3,3,2,2,4,2,3,4,2,2,2,0,1,4,2,3,3,4,4,2,1,2,2,3,1
6134,1,0,0,0,0,0,0,0,0,0,0,1,1,1,0,0,3,4,3,4,3,2,2,2,1,1,1,0,0,4,4,2,3,1,0,0,4,1,4,3,1,1,1,4,2,1,1,0
199,0,1,0,1,1,0,0,0,0,0,0,0,0,0,0,0,3,3,4,3,3,3,3,3,3,4,3,2,2,3,3,1,1,0,0,3,3,2,3,3,3,4,2,1,2,1,4,1
874,1,0,2,3,0,0,0,0,0,0,0,0,1,0,0,0,4,3,3,4,4,3,3,3,3,2,2,3,1,3,4,3,3,4,2,3,3,1,3,3,2,3,1,3,3,3,3,1
3172,0,1,0,0,2,0,0,0,0,0,0,1,0,0,0,0,3,2,2,3,3,1,3,3,2,2,1,1,3,2,4,3,2,1,3,3,1,4,2,4,1,4,4,0,1,1,2,0
2226,0,0,2,2,0,1,0,1,0,0,0,0,0,0,0,0,3,3,4,4,2,2,2,3,2,3,2,3,0,2,3,2,2,3,0,2,4,1,1,3,2,2,1,2,3,2,2,0
3183,0,0,0,0,1,0,0,0,0,0,1,0,0,0,0,0,4,4,3,4,4,3,3,3,3,3,3,3,2,2,2,1,1,2,2,2,3,1,2,2,1,1,1,1,1,2,3,1
3668,1,1,4,4,0,0,2,0,0,0,0,0,1,0,0,0,3,4,2,4,4,3,3,3,2,2,2,1,2,0,3,3,3,2,2,4,4,4,3,3,3,4,4,3,3,1,2,1
5803,0,1,0,0,0,0,1,0,0,0,1,1,0,0,0,0,3,4,2,3,2,2,1,2,2,2,0,1,1,0,3,2,1,0,2,0,3,3,2,4,2,4,2,0,3,2,2,1
1649,1,0,2,0,1,0,0,1,0,0,0,0,0,0,0,0,3,4,2,3,4,3,3,3,2,2,2,0,0,4,4,3,3,2,0,0,4,1,4,4,2,3,3,1,3,1,2,0
5554,0,1,3,1,1,0,1,0,0,0,0,0,0,0,0,0,3,3,3,3,3,4,4,4,4,4,4,3,1,4,4,4,4,3,2,3,4,3,4,4,4,4,4,4,4,3,3,1
1625,1,0,3,1,0,0,0,0,0,0,0,0,0,0,0,0,3,4,4,4,4,2,3,4,2,3,3,4,3,3,3,2,2,2,0,2,3,3,3,3,2,2,1,0,1,3,2,0
4635,1,1,1,0,0,1,0,0,0,1,1,0,0,0,0,0,2,3,3,4,3,2,3,3,2,4,1,4,2,4,2,1,1,0,0,3,3,1,1,3,2,3,2,0,2,2,2,0
6241,0,1,4,2,1,0,0,0,0,0,0,0,1,0,0,0,2,4,3,3,3,3,3,3,3,3,2,1,0,3,4,3,3,2,1,3,3,3,3,3,2,2,3,2,3,2,2,1
5741,1,1,0,2,0,0,1,1,0,0,0,0,1,0,0,0,3,4,4,3,3,3,2,3,2,3,2,4,3,2,4,2,2,3,0,2,4,2,3,3,0,1,1,1,2,1,2,1
4215,1,1,4,2,1,0,0,0,0,0,0,1,1,0,0,0,3,4,2,3,3,2,2,3,2,2,2,4,0,4,4,3,3,3,3,3,4,4,4,4,4,4,2,3,2,2,2,0
3035,1,0,1,1,1,0,1,0,0,1,0,0,0,0,0,0,2,4,3,4,2,2,3,3,2,3,2,4,2,3,4,2,2,2,0,1,4,2,3,3,4,4,2,1,3,2,3,0
1806,0,1,0,0,0,0,0,0,0,0,0,0,0,0,0,0,2,3,3,3,2,3,2,2,2,2,1,4,4,3,2,3,3,4,0,2,2,2,2,3,2,3,1,0,2,1,2,1
5584,1,0,0,0,1,0,0,0,0,0,0,0,1,1,0,0,1,4,2,3,2,1,1,2,1,0,1,0,0,0,4,4,4,0,0,1,4,2,4,4,2,2,4,0,4,1,1,0
4981,1,0,0,0,0,0,1,0,0,0,0,0,0,0,0,0,2,3,3,3,4,3,4,2,4,3,3,1,2,3,4,2,3,3,2,2,3,3,3,4,3,4,0,0,3,2,3,1
3455,0,1,0,0,1,0,0,1,0,0,1,0,0,0,0,0,3,4,4,3,4,3,3,3,3,3,3,4,4,4,2,1,1,1,3,3,4,2,3,3,3,4,2,0,2,2,3,1
2258,1,0,0,0,0,0,0,0,0,0,0,0,1,0,0,0,3,3,3,3,3,3,3,3,3,3,3,2,2,2,4,3,3,3,3,4,4,2,3,3,3,4,2,3,3,2,3,1
5864,1,1,1,1,0,0,0,1,0,0,1,0,1,0,0,0,3,3,3,3,3,3,2,3,3,2,2,4,0,4,4,4,3,4,3,4,3,0,3,3,3,4,4,2,4,2,2,0
448,1,0,0,0,0,0,0,0,0,0,1,0,0,0,0,0,3,4,3,3,3,2,3,3,3,3,2,3,1,1,4,4,3,3,1,1,4,2,3,4,4,4,3,1,2,2,3,0
4477,0,1,0,0,0,0,0,0,0,0,0,0,1,0,0,0,2,3,3,3,3,3,4,3,3,2,2,1,2,1,3,4,3,1,3,4,4,4,3,4,3,4,3,1,2,1,2,0
2484,0,1,0,0,0,0,0,0,0,0,0,0,0,0,0,0,3,3,2,4,2,3,3,3,3,2,3,3,0,3,3,3,3,1,1,2,3,0,2,3,3,4,1,4,3,3,3,1
4551,1,0,1,0,0,1,0,0,0,0,3,0,0,0,0,0,4,3,4,4,4,2,4,4,4,3,4,3,2,3,3,3,2,1,2,4,3,0,1,1,2,4,3,0,3,4,3,0
1455,0,0,0,1,1,1,1,0,0,0,0,0,0,0,0,0,3,4,3,2,3,0,1,0,0,2,0,2,3,1,1,1,1,2,0,2,3,3,2,3,2,4,0,0,2,2,0,0
222,1,1,0,0,1,0,0,0,0,0,2,0,2,0,0,0,3,2,4,4,3,3,2,4,3,4,4,1,0,2,4,2,2,0,0,1,4,2,2,3,2,3,4,4,2,1,3,0
6437,1,0,0,0,0,0,0,1,0,0,1,0,0,0,0,0,3,3,3,3,3,4,3,3,1,3,1,3,1,2,3,3,3,1,0,3,3,2,1,4,3,4,3,0,3,3,1,0
4587,1,1,1,0,0,1,1,0,0,0,1,0,0,0,0,0,3,4,4,3,4,3,3,3,3,2,2,4,3,2,3,1,1,0,0,3,2,2,2,2,1,2,3,1,1,2,3,1
4861,0,1,0,2,1,1,0,0,0,0,0,0,0,0,0,0,4,3,3,3,3,2,3,3,2,3,2,1,0,1,4,3,3,4,0,0,4,2,4,4,3,3,3,0,3,2,2,0
5791,1,1,0,0,0,0,0,1,0,0,0,0,0,0,0,0,3,4,3,4,4,4,3,2,4,4,2,3,0,1,4,3,2,1,0,4,3,0,3,4,2,3,0,0,3,3,3,1
713,0,0,0,0,1,0,1,1,0,0,0,0,0,0,0,0,3,4,4,4,1,3,3,3,3,3,2,0,0,0,1,3,3,0,0,2,1,3,2,4,4,4,0,0,2,2,3,1
276,1,0,2,3,0,1,0,0,0,0,0,0,1,1,0,0,3,3,3,4,2,3,2,4,3,2,2,2,1,2,4,4,3,3,2,3,2,2,4,3,3,3,1,4,2,3,2,1
4522,1,1,1,0,1,0,0,0,0,0,1,0,0,2,0,0,4,3,4,4,4,3,3,3,3,3,2,4,3,3,1,1,1,1,1,1,1,2,1,2,4,4,0,3,2,2,3,1
1041,0,0,1,0,0,0,1,1,0,0,1,0,0,0,0,0,3,3,3,3,3,3,3,4,4,3,3,3,3,3,2,1,1,3,3,1,2,1,1,3,4,4,0,0,2,2,3,1
5654,1,1,0,0,1,1,1,1,0,0,0,0,0,1,0,0,4,4,4,3,3,4,4,4,4,2,2,4,0,4,4,3,3,4,0,4,3,0,1,1,3,4,2,4,2,4,4,1
2472,0,0,0,0,0,0,0,0,0,0,0,0,0,0,0,0,3,3,2,4,2,3,3,3,3,3,3,3,0,3,3,3,3,1,1,2,3,0,2,3,3,4,1,4,4,3,3,1
6071,0,1,0,0,1,0,0,0,0,0,0,0,0,0,0,0,2,3,3,2,1,1,3,2,0,2,0,0,0,4,4,4,4,0,0,3,4,3,4,4,2,3,2,2,3,0,1,0
3767,1,1,0,4,0,0,1,0,0,0,0,0,1,1,0,0,2,4,4,3,3,2,4,4,1,4,1,4,0,3,3,3,3,0,0,1,3,0,3,4,3,3,3,4,4,2,2,0
2140,0,1,3,2,0,0,1,0,0,1,0,0,0,0,0,0,3,4,3,4,3,0,1,1,0,1,0,2,3,2,4,3,3,4,2,3,1,4,4,4,4,4,4,1,2,2,0,0
5459,1,0,1,1,0,1,0,0,0,0,1,1,1,0,0,0,2,2,3,3,2,2,1,2,2,2,2,2,1,2,2,2,2,2,2,1,2,2,1,3,2,2,1,0,2,2,2,0
548,0,0,2,1,1,0,1,1,0,0,0,0,0,0,0,0,3,4,4,3,4,3,3,3,3,3,2,3,2,3,3,3,3,3,3,4,3,3,3,4,3,3,4,2,3,3,2,0
1946,0,1,0,0,0,0,0,0,0,0,0,0,0,0,0,0,4,4,4,4,4,3,3,3,3,3,2,3,3,2,4,2,2,3,2,4,2,3,4,4,3,3,4,3,3,2,3,1
3982,1,1,1,1,0,1,1,0,0,0,1,0,0,0,0,0,2,3,3,3,3,2,3,3,2,2,2,3,1,1,3,2,2,1,0,3,2,0,2,3,2,3,0,0,3,2,2,0
3488,0,0,0,0,0,0,0,0,0,0,0,0,1,1,0,0,3,4,4,4,3,4,4,4,4,4,4,2,3,2,4,4,4,4,4,2,4,3,1,4,4,4,4,4,1,4,4,1
5350,0,1,1,0,0,0,0,0,0,0,1,0,1,0,0,0,3,3,3,4,3,2,3,4,4,3,3,2,0,2,3,3,3,3,4,4,4,3,4,4,4,4,3,0,2,3,3,0
3410,0,1,0,0,0,0,0,0,0,0,1,0,1,0,0,0,2,4,2,3,2,3,3,3,3,3,3,3,0,2,2,2,2,2,1,0,4,0,3,4,3,3,0,0,4,2,3,1
2998,0,1,2,2,0,0,0,0,0,0,1,0,1,0,0,0,3,4,3,4,4,2,3,4,3,4,0,3,0,2,4,4,4,4,1,1,4,0,2,4,4,4,1,4,3,1,2,0
3434,1,0,0,2,0,0,0,0,0,0,0,0,0,0,0,0,3,3,2,3,2,2,3,4,3,3,2,1,1,0,1,3,2,3,0,0,2,0,2,3,3,2,1,4,4,0,3,1
5896,0,0,0,0,0,0,0,0,0,0,1,0,0,1,0,0,3,3,3,3,3,3,3,4,4,3,3,4,4,3,3,1,1,1,1,2,3,4,3,3,3,3,4,2,2,4,3,0
3194,0,1,0,0,0,0,0,0,0,0,1,0,0,0,0,0,4,4,3,4,4,2,3,4,3,4,3,3,2,2,2,1,1,2,2,2,3,1,2,2,1,1,1,1,3,2,4,0
5063,1,1,3,0,1,1,1,0,0,0,1,0,0,1,0,0,3,2,4,3,2,3,4,3,3,2,2,3,2,2,3,3,2,1,1,0,3,0,3,2,3,4,3,1,3,1,2,1
2541,1,1,3,1,0,1,0,0,0,0,0,0,1,0,0,1,1,4,3,4,1,2,1,2,3,2,1,2,0,2,3,4,4,2,1,3,4,0,4,4,4,3,1,0,3,1,1,0
868,0,1,3,4,0,0,0,0,0,0,1,0,0,0,0,0,3,3,3,4,4,2,2,2,2,2,2,3,3,3,3,2,1,3,2,3,3,3,2,3,3,3,2,1,2,2,2,0
3745,0,0,3,3,1,0,1,0,0,0,2,0,0,0,0,0,3,3,3,3,4,4,4,4,4,4,4,4,4,4,3,2,2,2,2,3,2,3,3,3,4,4,2,2,2,3,4,1
4629,0,1,1,0,0,0,0,0,0,0,1,0,0,0,0,0,3,3,3,3,3,3,3,4,3,3,3,3,4,2,2,1,1,0,3,3,2,3,2,3,3,3,2,0,1,2,2,1
5153,1,1,0,0,2,0,0,0,0,0,0,1,0,0,0,1,4,3,2,4,1,2,3,3,2,4,3,2,0,2,3,2,2,2,0,4,4,3,4,4,2,2,1,3,3,2,3,1
3589,1,0,2,2,0,1,0,0,0,0,0,0,0,0,0,0,2,4,3,4,4,2,3,3,3,2,2,4,3,3,3,3,3,2,2,2,3,2,2,3,2,3,2,2,3,2,2,1
1495,1,1,1,1,0,0,0,0,0,0,1,1,0,0,0,0,3,4,3,3,2,3,3,3,3,3,3,4,4,1,4,2,2,3,2,3,1,3,4,4,3,4,2,2,2,1,3,1
2530,1,0,3,1,0,0,0,0,0,0,0,0,1,0,0,1,1,4,3,4,1,1,3,3,2,2,0,2,0,2,3,4,4,2,1,3,4,0,4,4,4,3,1,0,2,1,1,0
1264,0,0,0,0,0,0,1,0,0,1,0,0,0,0,0,0,2,3,3,3,3,2,3,3,2,3,3,3,0,4,4,4,4,3,1,2,2,2,3,3,4,4,3,4,3,2,3,0
2851,1,1,0,0,0,1,0,0,0,0,1,0,0,0,0,0,2,2,3,3,3,2,3,3,2,1,1,3,0,3,3,2,0,3,2,3,2,1,3,3,1,3,2,0,2,2,2,0
669,2,1,0,2,1,0,1,0,0,0,0,1,0,0,0,0,2,4,4,2,2,2,3,3,2,3,1,2,0,1,2,3,3,1,0,2,3,1,3,3,3,3,1,3,2,2,2,0
848,1,0,0,2,0,0,0,0,0,0,1,0,1,0,0,0,3,2,3,4,4,3,2,2,3,1,1,4,4,4,4,1,1,3,0,2,2,1,1,4,1,2,2,0,3,2,3,1
5867,1,1,1,1,0,0,0,0,0,0,1,0,1,0,0,0,3,3,3,3,3,2,2,2,2,2,2,4,0,4,4,4,3,4,3,4,3,0,3,3,3,4,4,2,3,2,3,0
6284,0,0,2,0,0,0,1,1,0,0,0,0,1,1,0,0,1,2,4,3,4,1,2,3,3,2,2,0,0,1,4,4,3,2,2,4,3,1,4,3,2,3,1,4,3,2,3,0
5456,1,0,3,0,0,0,0,0,0,0,1,1,1,0,0,0,3,3,3,4,3,2,2,2,2,2,2,4,2,3,3,3,3,3,3,4,3,3,3,4,3,4,2,1,3,3,2,0
6642,1,0,0,0,1,0,1,0,0,0,1,0,0,0,0,0,3,4,3,3,3,1,2,2,2,2,0,4,2,4,3,3,3,0,0,3,4,1,4,3,4,4,2,2,3,2,2,0
5117,1,1,1,0,1,1,1,0,0,0,0,0,1,0,0,0,3,3,1,4,3,2,2,2,2,2,2,0,0,2,2,3,2,0,0,1,4,0,2,2,1,3,0,0,3,1,2,1
2731,1,0,1,3,0,0,0,0,0,0,0,0,0,0,0,0,3,3,3,3,2,2,2,3,2,2,1,2,2,4,3,3,3,4,1,3,3,1,2,3,3,3,1,2,2,1,2,0
6730,1,0,0,0,0,1,1,0,0,0,1,0,0,0,0,0,3,3,1,3,2,2,4,4,3,2,2,2,0,3,2,3,1,0,0,3,4,0,2,2,3,3,3,0,2,1,3,0
4333,0,1,3,1,1,1,1,0,0,0,0,1,0,0,0,0,3,4,3,3,3,2,3,3,3,3,2,4,3,2,4,3,3,4,4,0,3,2,3,3,4,4,3,3,3,3,3,1
6392,0,0,0,0,0,0,0,0,0,0,1,1,1,0,0,0,3,4,3,4,4,2,3,3,2,4,1,3,1,2,3,2,2,3,0,2,1,0,2,3,2,3,0,0,3,2,2,0
1888,0,1,2,3,0,0,0,0,0,0,0,0,1,1,0,0,3,4,4,4,4,2,3,2,3,2,2,4,3,4,2,2,2,3,1,3,3,1,2,2,4,4,1,2,1,1,2,0
6069,0,1,0,0,0,0,0,0,0,0,0,0,0,0,0,0,2,3,3,2,1,3,0,2,2,2,2,0,0,4,4,4,4,0,0,3,4,3,4,4,2,3,2,2,3,0,2,0
3444,0,1,0,0,0,1,1,1,1,0,1,0,0,0,0,0,3,4,4,3,4,3,3,3,3,3,3,4,4,4,2,1,1,1,3,3,4,2,3,3,3,4,2,0,2,2,3,1
3329,0,1,0,0,0,0,0,0,0,0,1,0,1,0,0,1,4,3,2,4,4,2,2,3,2,3,3,4,0,4,2,3,3,1,2,2,4,0,4,3,3,4,2,4,3,2,3,1
3116,0,1,0,1,1,0,0,1,0,0,0,0,1,0,0,0,3,3,3,4,2,1,2,3,3,3,1,3,0,3,2,3,3,2,0,2,4,3,1,3,0,2,0,0,3,1,2,0
2862,1,1,0,3,4,0,0,0,0,0,1,1,0,0,0,1,3,4,3,4,3,0,4,3,4,4,4,3,4,0,4,3,2,0,0,2,4,3,1,3,3,2,1,0,2,2,3,1
1895,0,1,2,3,0,0,0,0,0,0,0,0,1,1,0,0,3,4,4,4,4,2,3,3,3,3,2,4,3,4,2,2,2,3,1,3,3,1,2,2,4,4,1,2,2,1,2,1
1785,1,1,1,3,0,0,0,0,0,0,0,0,1,0,0,0,3,2,3,4,0,4,4,3,4,3,1,1,0,2,2,3,3,0,0,0,4,3,3,3,2,2,0,0,3,2,2,0
3802,0,1,2,0,1,0,0,0,0,0,0,0,0,0,0,0,2,4,3,3,3,2,2,3,2,2,1,2,2,4,3,2,2,3,1,2,2,4,4,4,2,2,4,2,2,3,2,0
3520,1,1,1,2,0,1,1,1,1,0,0,0,0,1,0,0,2,3,3,3,3,1,2,2,3,2,2,4,2,1,3,2,2,2,1,1,4,0,2,3,2,3,0,0,3,2,2,0
5051,1,0,3,3,1,0,0,0,0,0,0,0,0,0,0,0,3,4,2,4,4,2,0,1,1,2,0,4,3,2,3,0,0,3,4,0,3,0,0,1,1,2,0,0,3,2,0,0
6103,0,0,3,2,3,0,0,0,0,0,0,0,0,0,0,0,3,4,3,4,3,3,3,3,3,3,3,4,4,3,4,4,3,4,1,3,4,3,4,4,3,4,2,4,3,2,3,1
1386,0,1,3,4,0,0,1,0,0,0,1,0,0,0,0,0,3,3,3,4,4,2,3,4,3,3,3,3,3,3,3,2,1,3,2,3,3,3,2,3,3,3,2,1,2,2,3,0
4085,0,1,0,2,0,0,0,1,0,1,0,0,1,0,0,0,2,4,3,3,4,0,3,3,2,3,0,2,1,1,2,3,4,1,0,0,4,1,2,4,4,4,1,1,4,1,0,0
2717,1,0,0,0,0,0,0,0,0,0,0,1,1,1,0,0,3,3,3,4,1,3,1,2,3,3,1,2,0,3,4,4,2,3,0,4,4,0,3,4,4,4,0,3,1,2,2,0
3885,1,1,0,1,0,1,1,0,0,0,0,0,0,0,0,1,3,3,3,3,2,3,3,4,3,4,2,4,3,2,3,2,1,2,0,4,2,1,0,3,3,4,2,0,2,2,4,1
5235,1,1,2,3,0,1,0,0,0,0,0,0,1,0,0,0,3,4,3,4,4,2,3,3,2,3,0,4,4,3,4,4,4,4,2,1,4,3,3,2,3,4,4,1,2,3,2,0
3468,1,1,0,0,0,0,0,0,0,0,2,0,0,0,0,0,4,4,4,4,4,3,3,3,3,3,3,4,2,2,2,1,1,3,2,2,3,0,2,1,1,3,0,3,3,2,2,1
2353,0,0,4,4,0,0,0,0,0,0,0,0,0,0,0,0,3,4,4,4,4,2,3,3,3,3,3,3,3,4,3,3,3,2,3,3,3,3,4,4,3,4,3,2,1,3,2,0
882,1,0,2,3,0,1,0,0,0,0,0,0,1,0,0,0,4,3,3,4,4,4,4,4,4,4,4,3,1,3,4,3,3,4,2,3,3,1,3,3,2,3,1,3,2,3,4,0
5141,0,1,3,1,1,0,1,0,0,0,0,1,0,0,0,0,3,4,3,3,2,2,3,3,2,2,2,0,0,2,4,3,3,2,2,2,4,3,3,4,3,4,3,3,3,2,2,0
6001,2,0,0,2,0,0,1,0,0,0,0,0,0,0,0,0,3,3,3,4,3,2,4,4,3,3,2,4,1,3,2,1,1,1,4,3,4,1,2,1,3,4,1,3,2,3,3,1
2979,0,1,2,2,1,0,1,0,0,0,0,1,0,0,0,0,2,4,2,3,2,2,2,3,1,3,2,2,1,2,3,2,2,2,2,2,2,3,2,3,3,3,4,1,2,2,2,0
1782,1,1,1,3,0,0,0,0,0,0,0,0,1,0,0,0,3,2,3,4,0,3,3,4,2,4,2,1,0,2,2,3,3,0,0,0,4,3,3,3,2,2,0,0,4,2,3,1
3375,1,1,0,0,0,0,2,0,0,0,1,0,0,1,0,0,3,3,3,3,3,2,2,3,2,2,3,3,0,2,4,4,4,4,2,3,4,2,3,4,4,4,2,0,2,3,2,0
3292,1,0,3,1,0,0,0,0,0,0,1,1,0,0,0,0,3,4,2,3,3,0,3,3,4,3,1,2,0,2,3,3,1,3,0,1,0,2,3,3,3,3,1,0,3,2,3,0
4805,1,0,0,2,1,0,1,1,0,0,1,0,1,0,0,0,3,4,4,4,3,4,3,2,2,2,2,3,0,2,3,2,3,4,0,4,4,0,1,2,2,2,1,0,4,1,3,0
3240,0,0,4,4,1,0,0,0,0,0,0,0,1,0,0,0,4,4,4,4,4,2,1,1,2,2,2,3,3,4,4,4,4,2,2,2,3,3,4,4,4,3,4,2,3,3,2,0
6129,1,0,0,0,0,0,1,1,0,0,0,1,1,1,0,0,3,4,3,4,3,2,1,2,2,1,1,0,0,4,4,2,3,1,0,0,4,1,4,3,1,1,1,4,3,1,1,0
3735,1,0,1,3,1,0,1,0,0,0,0,0,0,0,0,0,4,4,3,4,3,2,2,3,0,2,2,2,1,4,4,3,3,2,0,2,4,2,4,4,4,4,2,4,3,0,1,0
4845,0,1,1,3,0,0,0,0,0,0,0,0,1,1,0,0,3,4,3,3,3,3,3,3,3,3,3,1,0,1,2,4,4,1,1,1,4,2,3,3,3,3,2,1,3,2,3,1
6025,0,1,1,1,1,0,0,0,0,0,1,1,1,0,0,0,3,4,2,3,1,4,3,4,4,3,3,3,0,1,4,3,3,4,2,3,4,0,1,4,3,2,0,3,3,2,3,1
1836,1,1,0,1,0,0,0,0,0,0,0,0,0,0,0,0,3,4,3,3,3,3,3,4,3,4,3,4,3,3,4,4,3,3,0,2,1,0,3,2,3,3,1,1,2,2,3,0
5295,0,1,4,0,1,0,1,0,0,0,1,0,0,1,0,0,4,3,4,3,2,3,4,4,4,3,3,3,2,4,4,3,3,3,2,0,4,4,3,4,2,4,4,1,3,2,3,0
6047,0,1,0,0,1,0,0,0,0,0,0,0,0,1,0,0,3,1,4,3,3,3,3,2,3,1,2,2,2,2,3,3,4,4,1,4,3,2,3,4,4,4,3,3,3,2,3,0
3269,0,0,4,4,1,0,0,0,0,0,1,0,1,1,0,0,4,4,4,4,4,2,3,4,3,3,3,2,3,4,4,4,3,3,2,3,4,4,4,4,4,4,4,3,2,3,2,0
2480,0,0,0,0,0,0,0,0,0,0,0,0,0,0,0,0,3,3,2,4,2,3,3,3,3,2,3,3,0,3,3,3,3,1,1,2,3,0,2,3,3,4,1,4,3,3,3,1
3001,0,1,0,4,1,1,0,0,0,0,0,1,0,0,0,0,2,4,3,4,2,2,1,4,1,1,1,4,2,3,3,3,1,4,1,0,4,1,3,2,0,2,2,0,2,2,1,0
1891,0,1,2,3,0,0,0,0,0,0,0,0,1,1,0,0,3,4,4,4,4,4,3,3,3,3,3,4,3,4,2,2,2,3,1,3,3,1,2,2,4,4,1,2,2,1,3,1
5488,4,1,0,0,1,1,0,0,0,0,1,0,1,1,0,1,3,2,3,3,1,1,3,4,2,3,2,0,0,0,3,4,4,4,0,0,4,1,3,1,4,3,0,0,2,4,1,0
4243,1,1,2,2,1,0,0,1,0,0,0,0,0,0,0,0,4,4,4,4,3,3,2,3,3,3,3,3,2,4,4,4,4,3,1,2,2,3,4,4,4,4,3,3,3,4,3,1
2126,0,0,0,0,0,0,1,0,0,0,0,0,0,0,0,0,3,3,4,4,3,3,3,3,3,3,1,2,0,1,4,3,3,1,3,2,4,2,2,4,3,4,3,1,4,1,2,0
428,0,0,2,4,1,0,1,0,0,0,1,0,1,0,0,0,2,3,0,4,0,2,2,3,0,3,0,2,2,3,1,1,1,2,2,1,2,3,0,2,0,0,0,0,2,1,2,0
1352,1,1,2,3,0,0,0,0,0,0,0,0,0,0,0,0,2,4,4,4,3,2,3,3,3,3,2,3,0,3,3,2,1,1,1,1,4,2,3,4,2,3,1,2,4,2,2,0
3306,0,0,1,1,1,0,1,0,0,0,1,0,0,0,0,0,3,3,4,4,4,2,3,3,3,3,3,1,1,1,3,2,2,1,2,0,4,3,2,3,4,4,3,3,3,2,3,0
2892,1,1,0,0,1,0,1,0,0,0,0,1,1,1,1,0,4,4,4,4,4,1,0,3,0,3,0,1,1,1,3,3,2,3,1,4,4,0,4,4,4,4,4,0,3,4,0,0
1225,0,0,0,1,1,0,0,0,0,0,0,0,2,1,0,0,2,3,4,3,3,1,3,2,1,3,0,2,1,3,2,4,3,2,0,0,4,0,3,4,1,2,2,0,3,2,0,0
3890,1,1,1,0,0,0,1,0,0,0,0,0,1,0,0,0,3,3,3,4,3,3,3,2,2,2,2,4,0,3,3,2,1,0,0,0,2,3,1,3,2,3,3,3,3,2,2,1
6487,1,0,0,0,0,0,1,1,0,0,2,0,0,1,0,0,3,3,4,3,3,1,2,2,2,2,1,3,0,3,3,3,3,3,3,2,3,2,1,2,1,2,2,2,2,2,1,0
2505,0,0,0,0,0,0,0,0,0,0,0,0,0,0,0,0,4,4,4,4,4,4,4,4,4,4,4,4,4,2,4,4,4,4,2,3,4,0,2,2,2,4,2,2,1,4,3,1
4054,0,1,2,1,0,0,0,0,0,1,2,0,0,0,0,0,3,1,3,4,4,2,3,3,3,2,2,4,2,4,3,1,0,4,2,1,3,0,1,3,0,1,1,2,2,3,3,0
6346,0,1,0,0,1,0,0,0,0,0,0,0,0,0,0,1,1,4,4,4,3,3,3,2,2,3,2,3,4,2,2,1,3,2,3,2,1,2,3,4,4,4,2,1,2,3,2,0
6507,0,0,2,2,2,0,0,0,0,0,1,0,0,0,0,0,3,3,4,4,4,2,3,3,3,3,2,3,4,3,4,4,4,1,2,3,3,2,3,4,3,3,3,2,2,3,3,0
4345,0,1,3,1,1,0,0,0,0,0,0,1,0,0,0,0,3,4,3,3,3,2,3,3,2,2,2,4,3,2,4,3,3,4,4,0,3,2,3,3,4,4,3,3,1,3,3,1
4970,1,1,0,0,1,0,1,0,0,0,1,1,0,0,0,0,3,3,4,4,4,3,3,4,4,3,1,2,0,2,4,3,4,0,2,3,3,2,4,4,3,4,4,2,2,2,4,1
2235,0,1,2,2,0,0,0,0,0,0,0,0,0,0,0,0,3,3,4,4,2,2,3,2,1,1,1,3,0,2,3,2,2,3,0,2,4,1,1,3,2,2,1,2,3,2,1,0
4569,1,1,2,2,0,1,1,0,0,0,2,0,0,0,0,0,2,3,2,3,3,2,2,2,3,2,2,4,4,3,3,3,3,2,2,2,2,2,4,4,4,3,1,1,2,3,2,0
4906,0,0,1,0,0,1,0,0,0,0,0,1,1,1,0,0,3,3,3,4,4,4,3,3,4,3,3,4,3,3,2,3,3,2,0,2,3,2,3,3,1,3,2,0,3,2,3,1
4730,0,1,4,2,1,1,0,0,0,0,0,0,0,0,0,0,3,3,4,3,4,3,4,4,4,4,3,3,2,3,4,4,4,1,1,3,2,3,4,4,2,2,2,1,4,3,1,0
1396,0,1,0,0,0,0,0,0,0,0,1,0,1,1,0,0,3,3,4,3,2,2,4,4,2,2,3,4,4,2,3,2,2,1,1,3,3,2,2,3,1,3,2,2,3,2,2,1
2337,1,1,1,2,0,0,0,0,0,0,0,0,0,0,0,0,3,4,3,3,4,3,3,3,3,3,2,3,2,3,3,3,3,3,2,4,3,3,3,3,2,3,3,1,3,2,2,1
3424,1,1,0,2,1,1,0,0,0,0,0,0,0,0,0,0,3,3,2,3,2,1,2,3,1,2,1,1,1,0,1,3,2,3,0,0,2,0,2,3,3,2,1,4,3,0,1,0
1290,1,2,1,2,1,0,0,0,0,0,0,1,0,0,0,0,3,4,4,3,4,3,3,3,0,0,0,0,1,1,4,3,2,3,1,3,3,1,2,3,2,3,2,1,2,1,1,0
5537,0,1,0,0,0,0,0,0,0,0,0,0,0,0,0,0,3,4,3,3,3,0,2,3,2,3,0,1,0,4,3,2,2,1,1,0,3,2,2,3,2,3,1,0,3,2,2,0
4748,0,0,2,3,0,0,0,0,0,0,1,0,0,0,0,0,3,3,2,3,2,4,4,4,4,4,3,3,2,3,4,4,4,4,2,3,4,2,4,4,3,4,4,3,3,3,4,1
2877,1,0,0,0,1,0,1,0,0,1,0,1,1,1,1,0,4,4,4,4,4,3,2,4,1,4,1,1,1,1,3,3,2,3,1,4,4,0,4,4,4,4,4,0,3,4,0,0
5657,1,1,0,0,0,0,0,0,0,0,0,0,1,0,0,0,2,3,2,3,3,1,2,3,1,2,1,0,0,2,4,2,2,0,0,2,1,1,4,3,1,2,2,4,3,2,2,0
1651,1,0,2,0,0,0,0,0,0,0,0,0,0,0,0,0,3,4,2,3,4,1,2,1,2,2,1,0,0,4,4,3,3,2,0,0,4,1,4,4,2,3,3,1,3,1,1,0
1048,0,0,0,1,0,0,0,0,0,0,0,0,0,0,0,0,2,3,3,3,3,2,3,4,3,2,3,4,0,3,4,0,0,2,0,2,2,4,0,4,4,4,3,0,2,1,3,1
1579,1,0,3,1,0,0,0,0,0,0,0,0,0,0,0,0,3,4,4,4,3,1,3,3,2,3,0,3,1,2,4,4,4,2,0,0,4,4,4,4,2,3,4,3,2,2,2,0
1492,1,1,2,2,0,0,0,0,0,0,0,0,0,0,0,0,3,3,4,3,3,3,3,3,3,3,3,3,2,3,4,2,2,2,2,3,4,2,3,2,1,2,1,1,2,2,3,1
3553,1,0,0,0,0,0,1,0,0,0,0,1,0,0,0,0,1,4,4,3,3,3,3,2,2,2,3,4,2,0,3,1,2,4,2,1,4,2,2,3,2,3,0,0,3,3,3,1
612,0,1,3,3,2,0,0,1,0,0,0,0,0,0,0,0,3,4,3,3,3,3,3,3,3,3,3,0,1,0,4,4,4,0,0,3,1,1,4,4,3,3,1,1,1,2,3,1
47,0,0,0,1,4,0,0,0,0,0,0,0,1,0,0,0,2,2,2,3,3,3,2,3,3,3,2,2,1,1,4,4,4,0,1,3,3,3,4,4,4,4,4,4,2,3,3,1
3834,1,1,2,4,0,0,1,1,0,0,0,0,0,0,0,0,3,3,4,4,3,3,4,3,4,3,1,2,1,1,4,3,4,3,2,3,4,2,3,4,3,4,1,1,3,3,3,0
804,0,1,3,2,0,0,0,0,0,0,0,0,0,0,0,0,3,4,3,4,3,2,2,3,3,1,2,4,4,2,2,1,1,0,2,1,3,4,2,4,3,4,1,1,1,2,2,1
6622,1,0,1,1,0,1,1,1,0,0,1,0,0,1,0,0,4,3,4,3,3,3,3,2,3,2,3,4,2,3,4,1,1,2,0,0,0,1,1,2,1,4,4,2,2,3,3,1
4236,2,0,0,1,1,0,0,0,0,0,0,0,1,0,0,0,3,4,3,3,4,3,3,3,3,3,3,2,0,2,4,4,4,3,0,1,4,1,4,4,4,4,2,2,3,3,3,1
5062,1,0,3,0,0,0,0,1,0,0,1,0,0,1,0,0,3,2,4,3,2,2,3,2,0,2,2,3,2,2,3,3,2,1,1,0,3,0,3,2,3,4,3,1,3,1,0,0
6291,0,0,2,0,0,1,0,0,0,0,0,0,1,1,0,0,1,2,4,3,4,2,0,2,1,0,1,0,0,1,4,4,3,2,2,4,3,1,4,3,2,3,1,4,3,2,1,0
1636,1,1,3,1,0,0,0,0,0,0,0,0,0,0,0,0,3,4,4,4,4,4,4,4,4,3,4,4,3,3,3,2,2,2,0,2,3,3,3,3,2,2,1,0,3,3,3,1
4939,1,0,0,0,1,0,0,0,0,0,1,0,0,1,0,0,2,3,3,4,4,2,3,2,2,2,1,4,0,2,4,2,2,4,3,1,1,1,2,3,1,1,2,4,3,2,1,0
3437,1,1,0,2,1,0,0,1,0,0,0,0,0,0,0,0,3,3,2,3,2,4,4,4,3,3,3,1,1,0,1,3,2,3,0,0,2,0,2,3,3,2,1,4,4,0,4,1
6212,0,1,1,2,1,0,0,0,0,0,0,0,0,0,0,0,3,3,3,4,3,3,4,4,3,3,3,2,2,2,3,3,4,1,1,3,4,3,4,4,3,3,2,1,4,2,3,1
1604,1,1,0,0,0,0,0,0,0,0,0,0,0,0,0,0,4,4,4,4,3,3,2,3,3,3,2,2,0,3,4,4,3,3,1,0,3,0,4,3,4,4,3,3,2,1,2,0
974,0,0,0,1,1,1,0,0,0,0,0,0,1,1,0,0,2,3,3,3,4,3,4,3,3,3,2,2,1,1,3,3,2,1,0,2,4,2,4,4,2,3,1,2,4,1,3,0
4096,1,1,0,0,0,2,0,0,0,0,0,0,1,0,0,0,3,4,3,4,4,2,2,2,2,2,2,1,0,3,2,3,3,3,2,2,3,1,4,4,3,3,2,4,3,0,2,0
4461,1,1,2,1,0,0,0,0,0,0,1,0,0,1,0,0,3,3,3,3,2,1,1,1,1,2,1,2,3,3,3,2,2,1,1,3,2,2,1,1,3,3,3,0,2,3,1,0
38,0,1,0,1,1,0,0,0,0,0,0,0,1,0,0,0,2,2,2,3,3,1,3,3,2,3,1,2,1,1,4,4,4,0,1,3,3,3,4,4,4,4,4,4,2,3,3,0
5055,1,0,3,3,0,0,0,1,0,0,0,0,0,0,0,0,3,4,2,4,4,2,4,2,2,2,2,4,3,2,3,0,0,3,4,0,3,0,0,1,1,2,0,0,1,2,2,0
4338,0,0,3,1,0,0,1,1,0,0,0,1,0,0,0,0,3,4,3,3,3,2,3,3,3,2,2,4,3,2,4,3,3,4,4,0,3,2,3,3,4,4,3,3,3,3,2,1
2100,1,2,1,4,1,1,1,1,0,0,0,0,0,0,0,0,4,3,4,4,3,2,3,2,2,2,2,3,2,4,3,2,2,4,4,3,4,0,1,1,1,2,2,0,1,3,2,0
5826,1,0,2,2,0,0,0,0,0,0,1,0,1,1,1,0,2,3,3,4,4,3,2,3,3,2,2,3,3,3,4,4,4,2,4,4,2,2,4,4,4,3,2,2,2,2,2,1
4202,1,1,0,3,2,0,0,0,0,0,1,0,0,0,0,0,3,3,3,4,3,3,2,3,2,2,2,0,1,4,3,3,3,3,0,2,3,1,3,3,3,4,2,3,3,2,3,1
3178,0,1,0,0,0,1,0,0,0,0,0,1,0,0,0,0,3,2,2,3,3,2,2,2,2,2,2,1,3,2,4,3,2,1,3,3,1,4,2,4,1,4,4,0,1,1,2,0
2468,0,0,0,0,0,0,0,0,0,0,0,0,0,0,0,0,3,3,2,4,2,3,3,3,2,2,3,3,0,3,3,3,3,1,1,2,3,0,2,3,3,4,1,4,2,3,3,1
2317,1,1,4,0,0,0,0,0,0,0,0,0,0,0,0,0,3,4,4,4,4,2,4,4,2,4,3,4,3,4,4,4,4,2,3,0,4,4,4,4,4,3,4,3,2,2,2,0
298,0,1,2,1,1,0,1,0,0,0,0,0,0,0,0,0,2,4,2,3,3,1,2,3,0,2,0,1,0,1,4,4,3,3,0,2,4,4,4,4,4,4,4,0,2,0,2,0
3774,1,1,0,4,1,0,0,0,0,0,0,0,1,1,0,0,2,4,4,3,3,2,2,2,1,2,0,4,0,3,3,3,3,0,0,1,3,0,3,4,3,3,3,4,3,2,1,0
5359,0,1,0,0,0,1,1,0,0,0,1,0,0,2,0,0,3,4,3,3,4,3,3,3,3,3,4,3,0,3,2,0,0,3,0,3,2,0,0,2,1,2,0,0,2,2,3,1
5491,1,1,4,3,0,0,0,0,0,0,2,0,1,0,0,0,4,4,4,4,4,2,4,3,3,2,2,4,0,2,4,3,2,4,1,2,4,3,3,3,1,0,4,4,2,2,1,1
5250,1,1,0,0,1,1,1,0,0,0,0,1,1,0,0,0,3,3,3,3,3,2,3,4,4,4,2,0,0,0,4,4,4,3,0,2,2,1,4,3,3,3,2,2,2,1,4,1
2948,0,1,1,0,2,0,0,0,0,0,0,0,0,0,0,0,2,3,2,3,2,2,3,3,2,3,2,2,3,4,2,2,2,1,0,2,2,1,3,3,3,3,4,0,2,2,2,0
5152,1,1,0,0,0,0,0,0,0,0,0,1,0,0,0,1,4,3,2,4,1,3,3,3,2,2,2,2,0,2,3,2,2,2,0,4,4,3,4,4,2,2,1,3,2,2,2,1
5271,1,1,0,0,1,0,0,0,0,0,1,0,0,1,0,0,3,3,3,2,1,3,4,3,3,3,3,1,0,4,2,1,1,1,0,3,0,2,0,0,1,3,3,1,2,1,3,0
5798,0,0,0,0,0,0,0,0,0,0,1,1,0,0,0,0,3,4,2,3,2,3,2,3,2,3,0,1,1,0,3,2,1,0,2,0,3,3,2,4,2,4,2,0,3,2,3,1
765,1,1,0,0,2,0,0,1,0,0,0,0,0,0,0,0,4,4,4,4,4,4,4,4,3,4,4,3,0,3,4,4,4,4,0,4,4,1,4,4,3,4,2,4,2,2,4,1
4561,1,0,2,2,0,0,0,0,0,0,2,0,0,0,0,0,2,3,2,3,3,3,2,2,2,2,2,4,4,3,3,3,3,2,2,2,2,2,4,4,4,3,1,1,2,3,2,0
2502,0,1,0,0,0,0,0,0,0,0,0,0,0,0,0,0,4,4,4,4,4,4,4,4,4,4,4,4,4,2,4,4,4,4,2,3,4,0,2,2,2,4,2,2,3,4,4,1
3254,0,1,4,4,0,0,0,1,0,0,0,0,1,0,0,0,4,4,4,4,4,3,2,2,2,2,2,3,3,4,4,4,4,2,2,2,3,3,4,4,4,3,4,2,2,3,3,1
209,0,0,1,3,0,0,0,1,0,0,1,0,0,0,0,0,3,3,4,3,4,1,3,3,2,2,2,1,1,3,4,3,3,3,0,2,2,3,3,3,2,3,4,2,2,2,2,0
4226,2,1,0,1,0,0,0,0,0,0,0,0,1,0,0,0,3,4,3,3,4,3,3,3,3,3,3,2,0,2,4,4,4,3,0,1,4,1,4,4,4,4,2,2,4,3,3,1
7,0,0,0,1,4,0,0,0,0,0,0,0,0,0,0,0,2,3,3,3,3,2,2,2,3,4,3,4,0,3,4,0,0,2,0,2,2,4,0,4,4,4,3,0,1,1,2,1
4136,0,1,0,1,1,0,0,1,0,0,0,0,0,0,0,0,3,3,3,3,4,2,2,2,2,2,2,4,3,2,2,3,2,1,1,4,1,1,4,4,4,4,4,2,3,2,3,0
5910,1,1,0,3,0,0,0,0,0,0,1,1,1,1,0,0,4,4,4,4,3,3,3,3,3,3,3,3,4,1,4,4,4,0,0,1,3,2,4,4,3,3,4,4,3,2,2,0
6714,1,0,0,0,1,1,1,0,0,0,1,0,0,0,0,0,3,3,1,3,2,4,4,4,3,3,3,2,0,3,2,3,1,0,0,3,4,0,2,2,3,3,3,0,3,1,3,1
1434,1,0,3,0,0,1,0,0,0,0,0,0,0,0,0,0,2,3,2,3,2,1,1,2,0,0,1,4,4,3,4,4,4,4,0,2,4,2,3,4,3,2,1,2,3,4,1,0
4035,1,0,0,0,2,0,0,0,0,0,0,0,0,1,0,1,3,4,4,3,1,4,3,2,3,2,1,1,3,1,2,3,3,4,0,0,4,1,3,3,4,4,1,4,2,1,3,1
4589,1,1,1,0,0,0,0,0,0,0,1,0,0,0,0,0,3,4,4,3,4,2,2,1,1,1,1,4,3,2,3,1,1,0,0,3,2,2,2,2,1,2,3,1,2,2,1,0
1991,1,1,0,0,0,1,0,0,0,0,0,0,0,0,0,0,2,4,3,4,2,4,4,4,4,4,2,2,0,1,3,3,3,3,1,3,3,1,4,3,2,2,0,3,3,4,3,1
6121,1,1,4,1,0,0,0,0,0,0,2,0,0,0,0,0,3,4,4,3,3,2,3,3,3,3,2,1,1,2,4,4,4,2,2,3,4,2,4,1,4,4,4,1,3,0,2,1
1242,0,0,1,0,0,0,0,0,0,0,1,0,1,1,0,0,3,4,4,3,3,3,4,3,3,4,2,3,1,2,4,4,4,4,2,3,4,0,4,4,3,3,1,2,2,4,3,0
824,1,1,3,4,0,0,0,0,0,0,0,1,1,0,0,0,3,3,3,4,2,4,3,4,4,4,3,2,1,2,3,2,2,0,0,1,2,2,3,3,1,3,2,0,4,2,3,1
2861,1,0,0,3,0,1,1,0,0,0,1,1,0,0,0,1,3,4,3,4,3,3,4,3,4,4,4,3,4,0,4,3,2,0,0,2,4,3,1,3,3,2,1,0,2,2,4,1
3499,0,0,0,0,0,0,0,0,0,0,0,0,1,1,0,0,3,4,4,4,3,2,2,2,2,2,2,2,3,2,4,4,4,4,4,2,4,3,1,4,4,4,4,4,2,4,2,1
5971,0,0,0,2,0,0,0,0,0,0,1,1,1,0,0,0,3,4,1,4,2,3,3,3,3,2,2,0,1,1,3,3,3,3,2,0,2,2,3,3,4,4,3,3,2,2,3,0
1244,0,1,1,0,0,0,1,0,0,0,1,0,1,1,0,0,3,4,4,3,3,2,3,3,3,3,2,3,1,2,4,4,4,4,2,3,4,0,4,4,3,3,1,2,3,4,2,0
1899,1,0,0,0,0,0,1,0,0,0,0,1,0,0,0,0,4,4,3,3,2,2,2,2,2,2,2,2,1,2,2,3,3,1,1,2,3,1,2,2,4,4,2,2,3,2,2,1
421,0,0,2,4,0,0,0,0,0,0,1,0,1,0,0,0,2,3,0,4,0,3,1,2,2,1,0,2,2,3,1,1,1,2,2,1,2,3,0,2,0,0,0,0,2,1,2,1
5981,1,0,0,0,0,1,0,0,0,0,0,0,0,0,0,0,4,4,3,4,4,3,4,3,3,3,2,4,2,4,2,4,4,4,3,0,4,4,4,4,4,4,4,4,3,2,3,1
703,1,0,1,2,0,0,1,0,0,0,0,1,0,0,0,0,3,4,4,3,4,2,2,2,1,2,0,0,1,1,4,3,2,3,1,3,3,1,2,3,2,3,2,1,3,1,2,0
753,0,1,1,0,0,1,1,0,0,0,0,1,0,0,0,0,2,3,2,3,2,2,3,3,2,3,1,3,4,2,2,3,4,2,1,0,4,2,3,3,3,2,1,0,3,2,2,1
3835,1,1,2,4,0,2,0,0,0,0,0,0,0,0,0,0,3,3,4,4,3,4,4,4,4,4,2,2,1,1,4,3,4,3,2,3,4,2,3,4,3,4,1,1,3,3,3,1
6740,0,0,0,0,0,1,0,0,0,0,3,0,0,0,0,0,3,3,2,3,3,1,1,2,1,1,1,3,0,2,4,4,4,3,0,4,3,1,3,4,4,4,3,1,3,4,1,0
3071,1,0,0,4,1,0,0,0,0,0,0,1,0,0,0,0,2,4,2,4,1,3,3,3,3,3,1,4,4,3,3,3,1,3,0,1,4,1,0,3,2,3,0,0,2,0,3,0
4533,1,0,4,3,0,0,0,0,0,0,1,0,0,0,0,0,3,3,3,4,3,3,3,3,3,3,3,4,4,3,4,4,4,3,1,0,4,2,3,2,3,3,1,0,2,2,3,0
2652,0,0,0,1,0,0,0,0,0,0,0,0,1,0,0,0,2,3,1,3,3,2,3,3,2,2,1,1,0,0,3,1,2,3,1,2,4,0,1,3,3,4,0,3,1,3,2,0
5107,0,1,2,1,0,0,0,0,0,1,0,0,1,1,0,0,3,4,3,3,2,2,2,3,2,2,2,2,3,2,3,2,1,2,2,1,2,3,2,4,2,2,3,0,2,3,2,0
873,1,1,2,3,0,0,0,0,0,0,0,0,1,0,0,0,4,3,3,4,4,3,2,3,3,3,2,3,1,3,4,3,3,4,2,3,3,1,3,3,2,3,1,3,3,3,3,1
3089,1,1,0,4,0,0,0,0,0,0,0,1,0,0,0,0,2,4,2,4,1,4,4,4,2,2,2,4,4,3,3,3,1,3,0,1,4,1,0,3,2,3,0,0,3,0,4,0
4208,1,1,4,2,1,0,0,1,0,0,0,1,1,0,0,0,3,4,2,3,3,3,3,3,4,3,3,4,0,4,4,3,3,3,3,3,4,4,4,4,4,4,2,3,3,2,3,0
4835,0,1,2,0,0,0,1,0,0,0,0,0,0,1,0,0,1,3,3,3,3,0,0,0,0,0,0,1,1,1,4,4,4,4,0,1,4,2,3,4,2,4,3,3,4,1,0,0
6255,0,1,4,2,1,0,0,0,0,0,0,0,1,0,0,0,2,4,3,3,3,2,4,3,2,3,3,1,0,3,4,3,3,2,1,3,3,3,3,3,2,2,3,2,3,2,2,1
4778,0,1,0,2,1,0,1,0,0,0,1,0,0,0,0,0,3,3,3,3,3,2,3,3,2,2,3,3,1,3,3,1,1,2,1,1,3,2,2,3,2,2,2,1,3,1,1,0
2252,1,1,0,0,0,0,0,0,0,0,0,0,1,0,0,0,3,3,3,3,3,3,3,3,2,3,2,2,2,2,4,3,3,3,3,4,4,2,3,3,3,4,2,3,3,2,3,1
110,0,0,0,0,0,0,1,0,0,0,4,0,0,0,0,0,3,3,4,4,4,3,4,4,4,3,3,4,4,4,4,4,4,1,4,4,3,1,3,3,2,2,2,4,1,2,3,1
506,0,0,4,4,1,0,0,0,0,0,0,0,0,0,0,0,2,4,4,4,4,4,4,4,4,4,4,1,1,2,4,4,4,4,0,2,4,4,4,4,4,4,4,4,3,4,3,1
1548,0,1,4,3,0,0,0,0,0,0,0,0,1,0,0,0,2,2,3,4,3,4,3,4,3,3,2,0,0,0,4,4,2,0,0,0,3,4,4,4,2,3,4,0,2,2,3,0
3560,1,0,0,0,0,0,1,0,0,0,0,1,0,0,0,0,1,4,4,3,3,2,2,1,1,0,0,4,2,0,3,1,2,4,2,1,4,2,2,3,2,3,0,0,1,3,0,0
3010,0,0,0,4,0,0,1,0,0,0,0,1,0,0,0,0,2,4,3,4,2,2,1,3,0,1,1,4,2,3,3,3,1,4,1,0,4,1,3,2,0,2,2,0,2,2,1,0
5486,4,1,0,0,0,0,0,0,0,0,1,0,1,1,0,1,3,2,3,3,1,3,3,3,3,2,3,0,0,0,3,4,4,4,0,0,4,1,3,1,4,3,0,0,3,4,3,1
3763,1,0,0,4,1,0,0,0,0,0,0,0,1,1,0,0,2,4,4,3,3,3,3,4,0,2,0,4,0,3,3,3,3,0,0,1,3,0,3,4,3,3,3,4,2,2,1,0
4465,1,1,2,1,0,0,0,0,0,0,1,0,0,1,0,0,3,3,3,3,2,2,3,3,2,2,2,2,3,3,3,2,2,1,1,3,2,2,1,1,3,3,3,0,2,3,2,0
6179,1,0,0,0,3,0,0,0,0,0,1,0,1,0,0,0,3,4,3,3,2,2,2,2,2,2,2,1,2,3,3,4,3,2,0,4,4,3,4,3,2,2,3,0,3,2,2,0
5706,1,1,1,1,0,0,0,0,0,0,0,0,0,0,0,0,3,3,3,3,3,1,3,4,2,4,0,4,3,4,4,3,3,4,0,3,2,1,3,3,3,3,3,3,3,2,2,0
1168,1,1,2,3,1,0,0,1,0,0,0,0,1,1,0,0,3,3,3,4,2,0,2,2,1,1,1,2,1,2,4,4,3,3,2,3,2,2,4,3,3,3,1,4,2,3,1,0
329,0,0,0,0,0,1,1,1,0,0,1,1,1,0,0,0,1,3,1,3,0,3,1,3,1,3,2,3,4,2,2,3,3,0,2,2,4,2,3,1,2,2,0,0,3,1,2,1
935,0,0,0,0,1,0,0,0,0,0,0,0,0,1,0,0,4,4,4,4,4,2,0,2,0,3,0,3,1,3,2,3,3,3,3,4,4,1,3,3,4,4,1,2,3,1,0,0
4739,0,1,4,2,4,0,0,0,0,0,0,0,0,0,0,0,3,3,4,3,4,4,3,4,3,4,3,3,2,3,4,4,4,1,1,3,2,3,4,4,2,2,2,1,1,3,3,1
939,0,0,0,0,1,0,0,0,0,0,0,0,0,1,0,0,4,4,4,4,4,4,4,3,3,3,4,3,1,3,2,3,3,3,3,4,4,1,3,3,4,4,1,2,3,1,4,1
3713,0,1,0,0,1,1,0,0,0,0,0,1,0,0,0,0,2,4,4,3,4,3,4,4,4,4,2,3,0,3,3,4,3,4,1,4,4,2,3,4,3,4,2,1,3,2,3,0
5719,0,1,1,2,0,0,0,0,0,0,0,0,0,0,0,0,3,4,4,3,3,3,4,4,3,3,3,3,0,3,4,4,4,1,0,2,4,1,1,1,1,1,2,3,2,1,3,1
961,0,0,1,0,1,1,1,0,0,0,0,0,1,1,0,0,3,4,3,4,4,3,2,2,3,2,2,2,1,1,4,4,4,2,1,3,4,4,4,4,4,4,4,3,1,3,3,1
1646,1,0,2,0,0,0,0,0,0,0,0,0,0,0,0,0,3,4,2,3,4,2,3,2,2,2,3,0,0,4,4,3,3,2,0,0,4,1,4,4,2,3,3,1,3,1,2,0
2938,0,1,1,0,1,1,0,0,0,0,0,0,0,0,0,0,2,3,2,3,2,2,3,2,2,2,2,2,3,4,2,2,2,1,0,2,2,1,3,3,3,3,4,0,2,2,2,0
5154,1,1,0,0,2,0,0,0,0,0,0,1,0,0,0,1,4,3,2,4,1,1,3,2,1,4,1,2,0,2,3,2,2,2,0,4,4,3,4,4,2,2,1,3,3,2,1,1
2321,1,0,4,0,0,0,1,0,0,0,0,0,0,0,0,0,3,4,4,4,4,3,4,4,2,4,2,4,3,4,4,4,4,2,3,0,4,4,4,4,4,3,4,3,1,2,3,0
1938,1,0,2,0,0,0,1,0,0,0,0,1,0,0,0,0,3,4,2,3,4,1,3,3,2,2,3,2,2,4,4,3,3,2,0,3,4,0,3,3,3,4,4,4,3,0,1,0
3712,0,1,0,0,2,0,0,0,0,0,0,1,0,0,0,0,2,4,4,3,4,3,4,4,4,4,3,3,0,3,3,4,3,4,1,4,4,2,3,4,3,4,2,1,4,2,4,0
2736,1,1,1,3,0,0,1,0,0,0,0,0,0,0,0,0,3,3,3,3,2,2,3,2,2,2,2,2,2,4,3,3,3,4,1,3,3,1,2,3,3,3,1,2,3,1,2,0
4676,1,1,1,3,1,1,0,0,0,0,0,0,0,0,0,0,1,3,4,4,4,2,2,3,2,3,2,3,3,3,3,2,2,1,0,2,2,3,3,4,4,4,4,4,3,2,2,1
4200,1,1,0,3,1,0,0,1,0,0,1,0,0,0,0,0,3,3,3,4,3,1,3,3,3,2,3,0,1,4,3,3,3,3,0,2,3,1,3,3,3,4,2,3,2,2,3,1
4975,1,1,0,0,0,0,0,0,0,0,0,0,0,0,0,0,2,3,3,3,4,3,3,3,3,2,2,1,2,3,4,2,3,3,2,2,3,3,3,4,3,4,0,0,2,2,2,1
5535,0,1,0,0,0,0,0,0,0,0,0,0,0,0,0,0,3,4,3,3,3,0,1,3,0,3,0,1,0,4,3,2,2,1,1,0,3,2,2,3,2,3,1,0,3,2,0,0
4043,1,0,0,0,1,0,0,0,0,0,2,0,0,0,0,0,2,4,2,2,4,4,4,4,4,4,4,3,0,3,2,4,4,3,1,3,4,2,3,4,2,4,3,0,2,3,4,1
6655,1,0,3,3,0,0,0,1,0,0,1,0,0,0,0,0,4,4,4,4,4,4,4,4,2,3,2,4,3,1,4,1,0,0,2,0,4,2,1,2,3,4,1,0,1,3,3,1
2510,1,0,2,0,0,0,0,0,0,0,0,0,0,0,0,0,3,4,3,4,4,1,2,2,1,3,1,2,2,1,3,2,1,1,1,3,3,3,3,3,1,1,1,0,2,2,1,0
4517,1,1,1,0,0,1,0,0,0,1,1,0,0,2,0,0,4,3,4,4,4,0,4,3,1,3,3,4,3,3,1,1,1,1,1,1,1,2,1,2,4,4,0,3,2,2,2,0
5384,1,1,0,0,0,0,0,0,0,0,1,0,0,0,0,0,4,3,3,4,3,2,3,4,3,3,2,4,2,3,3,2,1,4,2,4,4,2,1,4,3,4,2,0,2,2,2,1
248,0,0,4,3,0,1,0,0,0,0,0,1,1,1,0,0,3,4,4,4,3,2,3,4,3,3,4,4,3,4,3,3,3,2,2,4,3,4,3,3,3,3,3,1,2,3,3,0
5813,1,0,0,0,0,0,0,0,0,0,0,0,0,0,0,0,2,4,3,4,3,3,3,3,3,3,3,1,1,1,4,2,0,0,0,3,3,3,3,3,3,3,3,1,3,2,3,1
5711,1,1,1,1,1,0,1,0,0,0,0,0,0,0,0,0,3,3,3,3,3,3,2,3,3,4,1,4,3,4,4,3,3,4,0,3,2,1,3,3,3,3,3,3,3,2,3,1
4261,0,1,4,3,1,0,1,0,0,0,0,0,0,0,0,0,3,3,4,3,3,0,4,1,2,2,1,4,4,4,4,3,3,0,0,0,3,4,4,4,4,4,4,2,3,3,2,0
98,1,0,3,3,0,0,1,1,0,0,1,0,0,0,0,1,2,3,2,3,4,2,2,2,2,2,2,2,2,2,4,1,1,1,1,0,2,4,1,4,1,2,0,0,2,2,2,0
3436,1,1,0,2,0,0,2,0,0,0,0,0,0,0,0,0,3,3,2,3,2,2,3,3,2,1,1,1,1,0,1,3,2,3,0,0,2,0,2,3,3,2,1,4,3,0,2,1
1932,0,0,3,1,0,0,0,0,0,0,0,0,0,0,0,0,4,4,3,4,4,2,3,3,3,3,1,2,4,2,3,2,1,0,1,3,4,3,2,3,1,1,2,0,2,2,3,1
708,0,1,0,0,1,1,0,0,0,0,0,0,0,0,0,0,3,4,4,4,1,3,2,2,2,2,2,0,0,0,1,3,3,0,0,2,1,3,2,4,4,4,0,0,4,2,2,1
3446,0,0,0,0,0,0,0,0,0,0,1,0,0,0,0,0,3,4,4,3,4,2,3,3,2,2,2,4,4,4,2,1,1,1,3,3,4,2,3,3,3,4,2,0,3,2,2,0
6559,0,1,3,0,0,1,0,0,0,0,1,0,0,0,0,0,3,4,3,3,4,0,0,1,2,2,2,1,3,2,4,4,3,0,3,3,4,3,3,4,4,3,4,2,2,3,0,0
2609,0,0,0,1,0,0,0,0,0,0,1,0,0,1,0,0,4,4,4,4,4,1,3,2,1,2,1,4,3,3,2,3,3,1,0,3,1,2,2,3,1,4,0,1,2,1,1,0
5347,0,0,1,0,0,1,0,0,0,0,1,0,1,0,0,0,3,3,3,4,3,3,4,4,3,3,3,2,0,2,3,3,3,3,4,4,4,3,4,4,4,4,3,0,1,3,4,1
3361,0,0,3,1,0,0,1,0,0,0,1,0,1,0,0,0,3,2,3,4,3,3,1,1,4,3,3,2,0,3,4,3,4,0,1,2,4,0,1,3,2,3,0,0,3,1,3,1
2937,0,1,3,1,1,0,1,0,0,0,1,0,1,1,0,0,3,3,3,4,3,1,1,2,2,2,2,3,0,2,4,4,4,3,0,3,4,3,4,4,3,3,3,3,3,2,1,0
510,1,1,1,4,1,0,1,0,0,0,0,0,1,0,0,0,3,4,4,4,4,2,0,4,0,0,0,1,0,4,4,2,2,1,0,2,2,0,4,3,2,4,2,2,3,1,0,0
4435,1,1,1,2,1,0,1,0,0,0,0,0,0,0,0,0,2,3,4,3,4,3,2,2,2,2,2,2,2,1,3,4,4,3,2,3,4,1,2,3,4,4,3,2,2,2,3,0
4595,1,0,1,0,0,0,1,1,0,0,1,0,0,0,0,0,3,4,4,3,4,2,3,3,3,4,2,4,3,2,3,1,1,0,0,3,2,2,2,2,1,2,3,1,3,2,2,1
4351,1,1,2,2,1,0,0,0,0,0,1,0,1,0,0,0,3,3,2,3,4,4,4,4,4,4,4,1,0,1,2,4,4,1,1,1,4,2,3,4,3,3,1,0,3,2,4,0
1424,0,1,0,0,1,0,0,0,0,0,0,1,1,1,0,0,3,4,4,4,2,3,3,4,2,4,1,3,0,1,3,2,3,3,0,3,3,0,2,3,4,4,0,4,3,2,3,0
662,0,1,0,3,0,0,0,0,0,1,0,0,0,0,0,0,3,4,3,3,3,3,3,3,4,3,2,2,2,2,3,4,4,4,0,3,3,2,3,3,3,4,2,3,4,3,3,0
4359,1,1,2,2,0,0,0,0,0,0,1,0,1,0,0,0,3,3,2,3,4,3,3,4,2,2,2,1,0,1,2,4,4,1,1,1,4,2,3,4,3,3,1,0,3,2,2,0
5819,1,1,0,0,0,0,0,0,0,0,0,0,0,0,0,0,2,4,3,4,3,2,2,2,2,2,2,1,1,1,4,2,0,0,0,3,3,3,3,3,3,3,3,1,3,2,2,0
143,0,0,4,2,1,0,1,1,0,0,0,0,1,0,0,0,2,3,2,3,3,2,2,2,3,2,2,0,0,1,4,3,2,2,3,3,4,4,4,4,4,4,4,1,3,2,2,0
1575,1,0,3,1,0,0,0,0,0,0,0,0,0,0,0,0,3,4,4,4,3,3,4,4,3,3,3,3,1,2,4,4,4,2,0,0,4,4,4,4,2,3,4,3,3,2,3,1
4478,0,0,0,0,0,0,0,0,0,0,0,0,1,0,0,0,2,3,3,3,3,3,3,3,3,3,4,1,2,1,3,4,3,1,3,4,4,4,3,4,3,4,3,1,2,1,3,1
3082,1,0,0,4,0,0,1,1,0,0,0,1,0,0,0,0,2,4,2,4,1,2,3,3,3,2,2,4,4,3,3,3,1,3,0,1,4,1,0,3,2,3,0,0,2,0,3,0
2594,1,0,1,4,0,0,0,0,0,0,0,0,0,0,1,1,2,4,3,2,3,2,2,3,2,3,3,4,3,1,3,3,3,3,1,4,3,3,4,3,4,4,0,2,2,1,3,1
4570,1,2,2,2,0,0,1,0,0,0,2,0,0,0,0,0,2,3,2,3,3,3,2,2,2,2,2,4,4,3,3,3,3,2,2,2,2,2,4,4,4,3,1,1,3,3,3,0
2713,1,0,0,0,0,0,0,0,0,0,0,1,1,1,0,0,3,3,3,4,1,3,3,3,2,2,2,2,0,3,4,4,2,3,0,4,4,0,3,4,4,4,0,3,2,2,3,1
2017,0,0,0,0,0,0,0,0,0,0,0,0,1,0,0,0,3,2,3,4,4,3,3,2,3,2,3,0,0,2,4,3,3,2,3,2,3,1,2,2,2,3,3,1,2,2,2,1
3110,0,1,4,4,1,0,1,0,0,0,0,0,0,0,0,0,3,3,3,3,2,4,4,4,1,4,1,0,0,0,2,3,3,3,0,1,4,1,3,3,3,3,4,2,3,0,3,0
715,0,0,0,0,0,1,1,1,0,0,0,0,0,0,0,0,3,4,4,4,1,4,3,3,2,2,3,0,0,0,1,3,3,0,0,2,1,3,2,4,4,4,0,0,3,2,2,1
5681,1,1,2,3,0,0,1,0,0,0,0,0,0,0,0,0,2,3,3,3,3,2,2,3,3,3,3,4,2,3,3,2,3,3,1,3,3,1,3,3,3,3,2,1,3,3,2,1
6081,0,0,3,4,0,0,0,0,0,0,0,0,0,0,0,0,3,4,3,4,3,1,1,1,1,1,0,2,1,3,3,3,4,0,0,0,3,2,4,3,4,4,2,3,3,3,2,0
682,1,1,0,0,1,1,0,0,0,0,1,1,1,0,0,0,3,4,3,3,2,3,2,2,3,2,3,3,0,4,4,4,4,1,0,4,4,0,4,4,4,4,2,2,4,3,3,1
1666,1,0,0,0,0,0,0,0,0,0,0,0,0,0,0,0,3,4,4,4,4,2,4,4,2,4,1,1,3,4,4,4,4,3,3,4,4,4,4,4,4,4,3,3,2,2,2,0
3897,1,1,1,0,0,0,0,0,0,0,0,0,1,0,0,0,3,3,3,4,3,3,3,3,3,2,2,4,0,3,3,2,1,0,0,0,2,3,1,3,2,3,3,3,3,2,2,1
3977,1,0,1,1,0,1,0,0,0,0,1,0,0,0,0,0,2,3,3,3,3,1,3,3,2,2,2,3,1,1,3,2,2,1,0,3,2,0,2,3,2,3,0,0,3,2,2,0
6496,0,0,2,2,0,0,0,0,0,0,1,0,0,0,0,0,3,3,4,4,4,3,2,3,2,2,3,3,4,3,4,4,4,1,2,3,3,2,3,4,3,3,3,2,3,3,3,1
2158,1,0,0,0,0,0,0,0,0,0,0,0,0,0,0,0,4,3,3,4,4,0,4,3,4,3,3,3,1,4,4,4,4,0,0,3,4,1,3,3,1,2,3,0,3,1,3,0
2456,0,0,4,2,0,0,0,0,0,0,1,0,1,0,0,1,3,2,1,4,4,2,2,3,2,2,2,4,1,2,3,4,4,3,1,3,2,0,2,3,3,3,2,0,1,1,2,1
6111,1,1,4,1,2,0,0,1,0,0,2,0,0,0,0,0,3,4,4,3,3,2,3,3,3,3,3,1,1,2,4,4,4,2,2,3,4,2,4,1,4,4,4,1,2,0,3,1
2319,1,0,4,0,1,0,0,1,0,0,0,0,0,0,0,0,3,4,4,4,4,4,3,3,4,4,2,4,3,4,4,4,4,2,3,0,4,4,4,4,4,3,4,3,2,2,4,1
3700,0,0,3,0,0,1,0,0,0,0,0,1,0,0,0,0,3,4,4,4,4,2,3,3,2,3,3,1,0,1,2,4,4,1,0,1,4,2,4,4,4,4,4,3,1,0,3,0
4153,0,1,3,2,1,0,0,1,0,0,0,0,1,1,0,0,3,4,3,4,3,3,4,4,2,3,1,2,0,4,2,2,2,1,1,3,4,2,3,3,3,4,2,4,3,2,1,0
5124,1,0,1,0,0,1,0,0,0,0,0,0,1,0,0,0,3,3,1,4,3,2,2,2,2,2,2,0,0,2,2,3,2,0,0,1,4,0,2,2,1,3,0,0,3,1,2,1
1377,1,0,0,0,0,1,0,0,0,0,1,1,0,0,0,0,4,4,4,4,3,2,3,3,2,2,0,2,2,2,3,4,4,2,2,4,2,2,4,4,4,4,3,2,2,3,2,0
954,0,0,4,3,1,1,1,0,0,0,0,0,1,0,0,0,3,3,3,4,3,3,2,4,4,4,3,0,0,3,3,1,1,0,0,3,4,0,0,2,1,3,3,0,2,1,3,1
2537,1,0,3,1,0,0,0,0,0,0,0,0,1,0,0,1,1,4,3,4,1,3,2,2,3,0,1,2,0,2,3,4,4,2,1,3,4,0,4,4,4,3,1,0,3,1,2,1
5646,1,1,0,0,0,0,0,0,0,0,0,0,0,1,0,0,4,4,4,3,3,1,3,4,1,4,1,4,0,4,4,3,3,4,0,4,3,0,1,1,3,4,2,4,3,4,2,0
1206,1,0,0,0,0,1,0,0,0,0,1,0,0,0,0,0,3,4,3,3,3,2,3,3,3,3,2,3,1,1,4,4,3,3,1,1,4,2,3,4,4,4,3,1,2,2,3,0
456,1,1,0,0,1,0,1,0,0,0,1,0,0,0,0,0,3,4,3,3,3,3,4,4,3,4,3,3,1,1,4,4,3,3,1,1,4,2,3,4,4,4,3,1,1,2,3,0
5687,1,1,2,3,1,0,1,0,0,0,0,0,0,0,0,0,2,3,3,3,3,4,3,3,3,3,2,4,2,3,3,2,3,3,1,3,3,1,3,3,3,3,2,1,3,3,3,1
1623,1,1,0,0,0,0,0,0,0,0,0,0,0,0,0,0,3,3,2,3,2,2,2,3,2,3,2,3,2,3,3,3,2,2,2,3,4,2,3,4,3,3,3,2,3,2,2,1
282,1,1,2,3,1,0,0,0,0,0,0,0,1,1,0,0,3,3,3,4,2,1,1,1,0,1,1,2,1,2,4,4,3,3,2,3,2,2,4,3,3,3,1,4,4,3,1,0
6688,1,0,0,1,0,0,1,0,0,0,0,0,0,0,0,0,3,4,3,4,4,2,3,3,4,3,3,3,2,2,4,3,3,1,3,3,3,3,3,3,4,4,3,0,3,2,2,0
1858,1,0,0,0,0,0,0,0,0,0,0,0,0,0,0,0,4,4,4,4,4,2,2,3,4,3,1,3,0,3,3,2,2,2,0,3,4,2,2,4,1,4,3,0,3,3,4,0
5197,1,1,0,0,0,0,0,0,0,0,0,0,0,0,0,0,3,4,3,3,4,1,3,3,2,3,1,4,0,4,3,3,3,4,0,1,3,0,1,2,3,4,0,4,4,2,2,0
5858,1,0,1,1,0,1,0,0,0,0,1,0,1,0,0,0,3,3,3,3,3,2,3,3,3,2,2,4,0,4,4,4,3,4,3,4,3,0,3,3,3,4,4,2,3,2,2,0
5982,1,0,0,0,0,0,0,0,0,0,0,0,0,0,0,0,4,4,3,4,4,3,4,3,3,3,3,4,2,4,2,4,4,4,3,0,4,4,4,4,4,4,4,4,3,2,3,0
657,0,1,0,3,0,0,1,0,0,0,0,0,0,0,0,0,3,4,3,3,3,3,4,4,3,3,3,2,2,2,3,4,4,4,0,3,3,2,3,3,3,4,2,3,3,3,3,0
3291,1,1,3,1,0,1,0,0,0,0,1,1,0,0,0,0,3,4,2,3,3,0,3,4,4,3,2,2,0,2,3,3,1,3,0,1,0,2,3,3,3,3,1,0,2,2,3,0
1535,0,1,2,0,0,0,1,0,0,0,0,0,0,0,0,0,3,3,3,4,4,2,3,3,3,3,3,4,3,4,2,2,2,1,1,3,3,2,1,3,4,3,3,1,3,2,3,0
3793,0,0,2,0,1,0,1,0,0,0,0,0,0,0,0,0,2,4,3,3,3,3,3,3,3,3,2,2,2,4,3,2,2,3,1,2,2,4,4,4,2,2,4,2,1,3,3,1
1544,0,1,4,3,0,0,1,0,0,0,0,0,1,0,0,0,2,2,3,4,3,3,3,3,3,2,1,0,0,0,4,4,2,0,0,0,3,4,4,4,2,3,4,0,4,2,0,0
3395,0,1,3,0,1,0,0,1,0,0,1,0,1,0,0,0,3,4,2,4,3,3,3,3,3,3,1,3,0,2,2,0,1,2,1,1,4,2,1,3,0,0,0,0,2,3,3,1
690,1,0,0,0,0,0,1,0,0,0,1,1,1,0,0,0,3,4,3,3,2,1,0,3,3,3,2,3,0,4,4,4,4,1,0,4,4,0,4,4,4,4,2,2,4,3,3,1
2657,0,1,0,1,0,0,1,0,0,0,0,0,1,0,0,0,2,3,1,3,3,3,3,3,3,3,2,1,0,0,3,1,2,3,1,2,4,0,1,3,3,4,0,3,4,3,3,1
1680,1,1,2,1,0,0,1,0,0,0,0,0,0,0,0,0,3,3,4,3,4,2,3,3,1,2,1,3,3,3,3,2,2,4,0,4,3,1,2,3,2,2,2,1,2,1,1,0
3884,1,0,0,1,2,0,0,0,0,0,0,0,0,0,0,1,3,3,3,3,2,1,2,1,3,2,2,4,3,2,3,2,1,2,0,4,2,1,0,3,3,4,2,0,3,2,1,0
4033,0,1,1,1,0,0,1,0,0,0,0,1,0,0,0,0,3,4,4,3,4,1,4,3,2,3,0,3,3,3,3,2,2,0,0,4,2,3,0,3,1,4,2,0,1,3,2,0
581,0,0,3,0,0,0,0,0,0,0,1,0,0,0,0,0,3,4,3,3,3,2,3,3,3,3,3,3,1,3,4,2,2,3,0,4,2,2,3,3,2,3,3,1,3,3,2,0
6027,0,0,1,1,1,1,0,0,0,0,1,1,1,0,0,0,3,4,2,3,1,2,3,3,1,2,2,3,0,1,4,3,3,4,2,3,4,0,1,4,3,2,0,3,1,2,2,0
2076,0,0,4,4,1,0,0,1,0,0,0,0,0,0,0,0,4,4,3,4,4,4,3,3,3,3,3,3,2,2,4,2,2,1,3,3,4,4,2,4,2,3,4,1,2,3,3,1
320,0,1,0,0,0,0,0,0,0,0,1,1,1,0,0,0,1,3,1,3,0,1,2,2,1,2,0,3,4,2,2,3,3,0,2,2,4,2,3,1,2,2,0,0,2,1,2,0
6006,1,0,0,0,1,0,0,0,0,0,0,0,1,0,0,0,2,2,1,3,4,1,3,2,2,2,1,2,1,2,3,3,3,1,1,1,2,1,1,3,2,3,3,3,3,2,2,1
1708,1,0,3,0,0,0,0,0,0,0,0,1,1,1,0,0,2,4,3,4,3,2,2,2,2,2,1,3,3,2,4,4,3,2,1,2,3,3,3,4,3,4,3,0,3,2,2,0
2312,1,0,4,0,0,0,0,0,0,0,0,0,0,0,0,0,3,4,4,4,4,2,4,4,4,3,3,4,3,4,4,4,4,2,3,0,4,4,4,4,4,3,4,3,2,2,3,1
56,0,1,0,0,2,0,1,0,0,0,0,0,0,1,0,0,3,2,4,3,3,3,2,2,2,2,2,1,1,0,3,2,3,0,0,4,3,3,4,4,4,4,3,1,1,2,3,1
3684,0,1,4,3,2,0,0,0,0,0,1,1,0,0,0,0,3,4,4,3,4,3,3,3,3,4,3,2,0,3,3,4,4,1,1,2,4,3,4,4,3,3,3,2,3,3,3,1
6403,0,1,0,0,2,0,0,0,0,0,1,1,1,0,0,0,3,4,3,4,2,3,3,3,3,3,3,3,4,1,4,4,3,2,3,3,3,1,2,3,3,3,1,0,2,4,4,1
106,0,0,0,0,0,0,0,0,0,0,4,0,0,0,0,0,3,3,4,4,4,3,3,3,3,3,3,4,4,4,4,4,4,1,4,4,3,1,3,3,2,2,2,4,2,2,3,0
356,1,0,2,2,0,1,0,0,0,0,1,0,1,0,0,0,3,3,2,3,3,3,3,2,3,2,2,4,3,1,2,3,2,2,3,2,2,3,2,3,2,2,2,1,2,3,3,1
5636,1,1,0,0,1,0,1,1,1,0,0,0,0,0,0,0,3,4,3,4,3,4,4,4,3,4,3,3,2,2,3,3,3,3,2,2,4,3,3,4,4,4,3,3,2,3,4,1
1856,1,0,0,0,0,0,1,0,0,0,0,0,0,0,0,0,4,4,4,4,4,2,3,4,2,3,1,3,0,3,3,2,2,2,0,3,4,2,2,4,1,4,3,0,3,3,2,1
3661,1,1,4,4,0,0,0,0,0,0,0,0,1,0,0,0,3,4,2,4,4,2,2,2,1,1,1,1,2,0,3,3,3,2,2,4,4,4,3,3,3,4,4,3,2,1,1,0
2274,0,1,4,2,0,0,0,0,0,0,0,0,0,0,0,0,3,3,4,3,4,1,3,3,3,3,1,4,3,3,3,2,2,0,1,1,1,3,3,2,2,3,4,2,1,2,0,0
6052,0,0,0,0,3,0,0,0,0,0,0,0,0,1,0,0,3,1,4,3,3,2,1,2,1,1,1,2,2,2,3,3,4,4,1,4,3,2,3,4,4,4,3,3,4,2,1,1
953,0,0,4,3,1,1,0,0,0,0,0,0,1,0,0,0,3,3,3,4,3,2,4,4,3,4,2,0,0,3,3,1,1,0,0,3,4,0,0,2,1,3,3,0,3,1,3,0
5673,0,0,0,1,1,1,0,0,0,0,0,0,0,0,0,0,3,4,2,3,2,1,2,4,0,1,1,1,0,3,4,2,2,1,0,3,1,1,1,1,1,3,2,1,2,2,1,0
2883,1,1,0,0,0,0,0,0,0,0,0,1,1,1,1,0,4,4,4,4,4,1,2,3,2,2,4,1,1,1,3,3,2,3,1,4,4,0,4,4,4,4,4,0,3,4,1,0
3864,0,1,1,0,0,0,1,0,0,0,1,0,1,0,0,0,3,3,3,4,4,3,3,3,3,3,3,3,3,2,3,4,3,4,2,1,3,2,2,4,3,3,0,0,2,2,3,1
3686,0,0,4,3,0,1,0,0,0,0,1,1,0,0,0,0,3,4,4,3,4,1,4,4,3,4,4,2,0,3,3,4,4,1,1,2,4,3,4,4,3,3,3,2,1,3,3,1
764,1,0,0,0,0,0,0,0,0,0,0,0,0,0,0,0,4,4,4,4,4,1,3,4,1,3,1,3,0,3,4,4,4,4,0,4,4,1,4,4,3,4,2,4,1,2,1,0
4313,0,1,0,0,1,1,1,0,0,0,0,0,1,1,0,0,3,3,3,3,3,2,3,3,3,3,3,2,0,3,4,1,2,0,1,4,4,2,2,3,1,2,3,1,3,2,2,0
2941,0,0,1,0,1,0,1,0,0,0,0,0,0,0,0,0,2,3,2,3,2,2,2,2,2,2,2,2,3,4,2,2,2,1,0,2,2,1,3,3,3,3,4,0,3,2,2,0
589,0,0,3,1,0,0,0,0,0,0,1,0,0,1,0,0,3,3,3,3,3,2,3,2,2,2,2,4,4,3,2,2,1,1,2,2,2,2,2,3,3,2,1,0,1,0,2,0
4534,1,0,4,3,0,0,1,1,0,0,1,0,0,0,0,0,3,3,3,4,3,3,3,2,3,3,3,4,4,3,4,4,4,3,1,0,4,2,3,2,3,3,1,0,2,2,2,0
4233,2,1,0,1,3,0,0,0,0,0,0,0,1,0,0,0,3,4,3,3,4,4,4,4,4,4,4,2,0,2,4,4,4,3,0,1,4,1,4,4,4,4,2,2,2,3,4,1
6078,0,1,3,4,1,0,0,0,0,0,0,0,0,0,0,0,3,4,3,4,3,4,4,3,3,2,2,2,1,3,3,3,4,0,0,0,3,2,4,3,4,4,2,3,3,3,3,1
1312,0,1,3,4,0,0,0,0,0,1,0,0,0,0,0,0,4,4,4,4,4,1,1,2,3,2,0,4,2,4,3,3,3,3,1,4,4,2,3,4,4,4,3,4,3,1,2,0
4555,1,1,1,0,0,0,0,0,0,0,3,0,0,0,0,0,4,3,4,4,4,2,4,4,3,3,3,3,2,3,3,3,2,1,2,4,3,0,1,1,2,4,3,0,2,4,2,0
1726,0,0,2,0,0,0,0,0,0,0,0,0,0,0,0,0,3,3,4,4,3,2,3,4,4,1,0,4,4,4,3,3,2,3,3,4,4,3,2,3,2,4,2,0,3,3,2,0
5914,1,0,2,2,0,1,0,0,0,0,0,0,0,0,0,0,3,3,3,3,4,3,2,3,2,2,1,3,2,2,3,2,2,3,3,2,2,2,3,3,2,2,2,2,2,2,2,0
6734,0,0,0,0,0,0,0,0,0,0,3,0,0,0,0,0,3,3,2,3,3,3,4,4,4,2,3,3,0,2,4,4,4,3,0,4,3,1,3,4,4,4,3,1,3,4,4,1
2536,1,0,3,1,0,0,0,0,0,0,0,0,1,0,0,1,1,4,3,4,1,3,2,0,0,3,1,2,0,2,3,4,4,2,1,3,4,0,4,4,4,3,1,0,3,1,1,0
1403,0,0,0,0,0,0,0,0,0,0,1,0,1,1,0,0,3,3,4,3,2,3,3,3,2,3,2,4,4,2,3,2,2,1,1,3,3,2,2,3,1,3,2,2,3,2,3,1
3577,1,0,0,2,0,1,0,0,0,0,1,0,1,0,0,0,2,1,2,4,4,1,2,2,2,1,1,3,0,3,3,3,1,1,0,0,4,0,1,2,4,4,0,2,1,2,1,0
4216,1,1,4,2,3,0,0,0,0,0,0,1,1,0,0,0,3,4,2,3,3,3,3,3,3,4,3,4,0,4,4,3,3,3,3,3,4,4,4,4,4,4,2,3,2,2,3,1
6386,0,0,3,1,0,0,1,1,0,0,1,0,0,0,0,0,3,4,3,3,3,2,3,3,3,2,2,3,3,2,3,2,1,1,3,2,4,3,2,3,2,3,2,0,2,2,3,1
227,1,0,1,3,1,0,1,1,0,0,1,0,1,0,0,0,2,3,2,3,3,2,2,2,0,2,3,1,2,4,3,3,2,2,3,2,4,4,3,3,2,2,3,4,2,1,1,0
1008,0,0,0,0,0,0,1,1,0,0,1,0,0,0,0,0,3,3,4,4,4,3,2,2,2,3,3,2,2,3,4,3,3,2,2,3,3,2,4,4,4,3,3,3,4,2,3,0
2491,0,1,0,0,0,0,0,0,0,0,0,0,0,0,0,0,4,4,4,4,4,3,2,3,2,3,0,4,4,2,4,4,4,4,2,3,4,0,2,2,2,4,2,2,3,4,0,0
3940,1,0,0,0,2,0,0,0,0,0,2,0,0,0,0,0,3,1,3,3,2,1,3,3,2,3,1,3,0,2,4,2,4,1,1,3,1,0,4,4,3,4,0,0,2,3,2,0
2521,1,1,2,0,0,1,0,0,0,0,0,0,0,0,0,0,3,4,3,4,4,1,3,2,2,1,0,2,2,1,3,2,1,1,1,3,3,3,3,3,1,1,1,0,2,2,1,0
5915,1,0,2,2,0,0,0,0,0,0,0,0,0,0,0,0,3,3,3,3,4,3,3,2,2,2,2,3,2,2,3,2,2,3,3,2,2,2,3,3,2,2,2,2,2,2,3,1
2751,0,1,1,0,0,0,0,1,0,0,0,0,0,0,0,0,2,4,4,3,4,2,2,2,2,2,2,0,1,1,4,4,4,0,0,3,3,0,4,4,2,4,4,3,3,2,2,1
2297,0,0,0,0,0,0,0,0,0,0,0,0,0,0,0,0,4,4,4,4,4,3,4,4,4,4,4,4,3,3,4,4,4,4,2,3,3,2,3,4,4,4,4,3,2,2,4,1
3795,0,1,2,0,0,0,1,0,0,0,0,0,0,0,0,0,2,4,3,3,3,2,3,3,3,3,2,2,2,4,3,2,2,3,1,2,2,4,4,4,2,2,4,2,3,3,2,0
6293,0,1,2,0,1,0,0,0,0,0,0,0,1,1,0,0,1,2,4,3,4,4,2,3,2,3,2,0,0,1,4,4,3,2,2,4,3,1,4,3,2,3,1,4,1,2,1,1
2964,0,1,2,2,1,0,0,1,0,0,0,1,0,0,0,0,2,4,2,3,2,1,3,3,1,2,2,2,1,2,3,2,2,2,2,2,2,3,2,3,3,3,4,1,3,2,2,0
1695,0,1,1,1,0,0,0,0,0,0,0,0,0,0,0,0,3,4,3,4,2,4,3,3,3,3,3,0,1,1,2,3,1,3,3,2,3,2,2,3,1,4,2,0,2,3,3,1
684,1,1,0,0,1,0,1,0,0,0,1,1,1,0,0,0,3,4,3,3,2,1,2,2,1,3,1,3,0,4,4,4,4,1,0,4,4,0,4,4,4,4,2,2,2,3,1,0
1635,1,0,3,1,0,0,0,0,0,0,0,0,0,0,0,0,3,4,4,4,4,2,4,3,2,3,2,4,3,3,3,2,2,2,0,2,3,3,3,3,2,2,1,0,3,3,2,0
2005,0,0,1,1,0,1,0,1,0,0,0,0,0,0,0,0,4,4,3,3,3,2,2,2,3,2,4,3,3,3,3,3,4,2,3,3,4,4,4,4,3,4,4,4,2,2,2,0
3365,1,1,0,0,1,1,0,0,0,0,1,0,0,1,0,0,3,3,3,3,3,2,3,3,2,3,1,3,0,2,4,4,4,4,2,3,4,2,3,4,4,4,2,0,4,3,2,0
4766,0,0,2,0,0,0,0,0,0,0,0,0,1,0,0,0,3,3,3,3,3,4,3,3,3,3,3,2,2,3,3,2,2,1,1,3,3,3,3,3,3,3,3,0,2,2,3,1
6479,1,0,0,0,0,1,1,1,0,0,2,0,0,1,0,0,3,3,4,3,3,2,2,2,2,2,2,3,0,3,3,3,3,3,3,2,3,2,1,2,1,2,2,2,2,2,2,0
4407,1,2,2,0,0,0,1,0,0,0,1,1,1,0,0,0,3,3,3,4,4,4,4,4,4,4,3,4,3,4,4,1,1,1,2,0,4,2,1,3,2,2,3,0,2,2,4,1
5360,0,1,0,0,0,0,0,0,0,0,1,0,0,2,0,0,3,4,3,3,4,1,0,1,1,2,1,3,0,3,2,0,0,3,0,3,2,0,0,2,1,2,0,0,3,2,2,1
2701,2,1,2,0,0,0,0,0,0,0,1,1,1,1,0,0,2,2,2,2,2,4,3,3,3,2,3,0,0,0,0,4,4,4,0,0,4,4,4,4,2,4,4,2,3,2,3,1
6012,1,0,0,0,1,0,0,0,0,0,0,0,1,0,0,0,2,2,1,3,4,2,2,2,2,2,0,2,1,2,3,3,3,1,1,1,2,1,1,3,2,3,3,3,3,2,0,1
304,0,0,4,2,0,0,0,0,0,0,1,0,1,0,0,0,1,4,3,4,2,3,4,4,4,3,1,1,4,1,3,3,3,2,3,4,3,2,2,3,3,4,1,0,2,1,1,0
4015,1,1,0,3,0,0,1,0,0,0,0,0,0,0,0,0,3,3,4,3,4,3,3,3,3,3,1,0,0,2,4,3,3,3,0,2,4,0,4,3,4,4,0,2,4,2,3,0
3418,0,0,0,0,1,0,0,0,0,0,1,0,1,0,0,0,2,4,2,3,2,2,3,3,3,3,3,3,0,2,2,2,2,2,1,0,4,0,3,4,3,3,0,0,3,2,3,0
3294,1,1,3,1,0,0,2,0,0,0,1,1,0,0,0,0,3,4,2,3,3,2,3,4,1,3,4,2,0,2,3,3,1,3,0,1,0,2,3,3,3,3,1,0,3,2,3,0
3308,0,0,1,1,0,0,0,0,0,0,1,0,0,0,0,0,3,3,4,4,4,3,3,3,2,2,2,1,1,1,3,2,2,1,2,0,4,3,2,3,4,4,3,3,2,2,2,0
208,0,0,1,3,1,0,1,0,0,0,1,0,0,0,0,0,3,3,4,3,4,1,2,2,2,2,2,1,1,3,4,3,3,3,0,2,2,3,3,3,2,3,4,2,1,2,2,0
607,0,0,0,1,0,0,1,0,0,0,0,1,0,0,0,0,1,4,1,3,3,3,1,3,0,0,0,2,0,3,3,4,2,4,0,1,4,1,4,4,4,3,2,4,3,3,2,0
4165,0,1,0,0,1,0,1,0,0,0,1,0,0,0,1,0,3,2,4,4,4,1,0,2,1,1,2,0,0,0,4,1,1,0,0,3,0,2,1,3,0,3,4,0,2,2,1,0
1744,1,2,0,0,0,0,0,0,0,0,0,0,0,0,0,0,3,3,3,4,3,1,2,3,1,2,1,1,1,1,3,3,3,2,0,3,2,1,1,4,4,4,3,1,3,1,1,0
1644,1,0,2,0,0,0,0,0,0,0,0,0,0,0,0,0,3,4,2,3,4,3,3,3,3,3,2,0,0,4,4,3,3,2,0,0,4,1,4,4,2,3,3,1,2,1,3,1
3421,0,0,0,0,0,0,1,0,0,0,1,0,1,0,0,0,2,4,2,3,2,2,2,2,2,1,2,3,0,2,2,2,2,2,1,0,4,0,3,4,3,3,0,0,3,2,2,1
6014,1,0,0,0,0,0,0,0,0,0,0,0,1,0,0,0,2,2,1,3,4,3,2,2,2,2,2,2,1,2,3,3,3,1,1,1,2,1,1,3,2,3,3,3,2,2,2,1
3750,1,1,0,0,2,0,0,0,0,0,0,1,1,0,0,0,3,4,4,3,2,3,3,3,3,3,2,3,0,4,4,4,3,3,0,0,4,0,4,4,3,4,2,0,3,2,3,0
2482,0,1,0,0,0,0,0,0,0,0,0,0,0,0,0,0,3,3,2,4,2,1,3,2,1,2,2,3,0,3,3,3,3,1,1,2,3,0,2,3,3,4,1,4,3,3,2,0
355,1,0,2,2,0,0,0,0,1,0,1,0,1,0,0,0,3,3,2,3,3,3,3,3,3,2,3,4,3,1,2,3,2,2,3,2,2,3,2,3,2,2,2,1,1,3,3,1
6659,1,1,3,3,2,0,0,0,0,0,1,0,0,0,0,0,4,4,4,4,4,2,1,1,2,1,1,4,3,1,4,1,0,0,2,0,4,2,1,2,3,4,1,0,2,3,2,1
6344,0,0,0,0,0,0,0,0,0,0,0,0,0,0,0,1,1,4,4,4,3,3,3,3,3,3,3,3,4,2,2,1,3,2,3,2,1,2,3,4,4,4,2,1,1,3,3,1
2084,1,0,1,4,0,1,0,1,0,0,0,0,0,0,0,0,4,3,4,4,3,3,3,4,3,4,4,3,2,4,3,2,2,4,4,3,4,0,1,1,1,2,2,0,3,3,4,0
321,0,0,0,0,0,0,1,0,0,0,1,1,1,0,0,0,1,3,1,3,0,1,2,2,1,1,0,3,4,2,2,3,3,0,2,2,4,2,3,1,2,2,0,0,1,1,2,1
5480,1,1,1,0,0,0,0,0,0,0,1,0,0,0,0,0,3,3,2,3,3,3,3,3,3,3,2,0,0,3,3,3,3,2,0,3,3,1,3,3,2,2,3,3,2,0,3,1
6434,0,0,2,2,2,0,0,0,0,0,1,0,0,0,0,0,2,3,2,3,2,2,3,2,2,3,1,1,1,1,3,3,2,0,3,3,3,2,2,4,3,4,2,2,3,2,2,0
1004,0,0,0,0,0,0,0,0,0,0,1,0,0,0,0,0,3,3,4,4,4,2,2,3,3,3,3,2,2,3,4,3,3,2,2,3,3,2,4,4,4,3,3,3,2,2,3,1
6572,0,1,4,2,0,1,1,1,0,0,0,0,0,0,0,0,3,4,4,3,4,2,3,3,2,3,1,3,3,2,3,3,2,2,4,3,3,3,2,3,3,3,3,1,1,3,1,0
3608,1,0,3,0,0,1,0,0,0,0,0,0,0,0,0,0,3,4,3,4,4,2,4,3,2,2,1,4,2,3,3,3,2,4,3,4,3,1,3,4,2,4,0,0,1,2,2,1
4148,0,1,3,2,1,0,1,0,0,0,0,0,1,1,0,0,3,4,3,4,3,2,4,4,3,3,1,2,0,4,2,2,2,1,1,3,4,2,3,3,3,4,2,4,2,2,1,0
493,0,1,4,4,0,0,0,0,1,0,0,0,0,0,0,0,4,4,4,3,2,0,2,0,1,0,1,0,0,4,4,2,2,0,0,3,2,3,3,3,2,4,4,1,3,1,0,0
671,2,1,0,2,0,0,1,0,0,0,0,1,0,0,0,0,2,4,4,2,2,3,3,3,2,2,2,2,0,1,2,3,3,1,0,2,3,1,3,3,3,3,1,3,3,2,1,0
5552,0,1,3,1,1,0,1,1,1,0,0,0,0,0,0,0,3,3,3,3,3,4,4,4,4,4,3,3,1,4,4,4,4,3,2,3,4,3,4,4,4,4,4,4,2,3,3,1
930,1,0,1,2,0,0,0,0,0,0,0,0,0,0,0,1,3,4,3,3,3,2,3,3,3,2,2,1,1,3,3,3,4,3,0,1,3,2,3,4,3,3,1,2,3,2,2,0
1916,0,0,2,3,1,0,1,0,0,0,0,1,0,0,1,0,3,4,3,3,4,1,2,3,2,3,3,3,0,2,3,3,3,1,1,2,2,2,2,2,2,4,2,1,3,3,1,1
4217,1,1,4,2,2,0,0,0,0,0,0,1,1,0,0,0,3,4,2,3,3,1,2,3,1,3,1,4,0,4,4,3,3,3,3,3,4,4,4,4,4,4,2,3,2,2,1,0
799,0,0,3,2,0,0,0,0,0,0,0,0,0,0,0,0,3,4,3,4,3,3,3,3,4,2,4,4,4,2,2,1,1,0,2,1,3,4,2,4,3,4,1,1,3,2,4,1
1846,1,1,0,0,0,0,0,0,0,0,0,1,0,0,0,0,3,3,2,4,3,3,3,3,3,3,2,0,0,3,3,3,3,2,1,0,4,3,3,3,2,3,1,2,4,2,3,1
6675,1,0,0,1,0,0,0,1,0,0,0,0,0,0,0,0,3,4,3,4,4,2,3,2,2,3,2,3,2,2,4,3,3,1,3,3,3,3,3,3,4,4,3,0,2,2,1,0
625,1,1,1,0,0,1,1,0,0,0,0,0,0,0,0,0,3,3,3,3,3,2,3,3,3,3,3,3,1,3,2,2,1,1,0,2,4,4,3,3,3,3,4,0,3,3,3,0
211,0,1,1,3,1,0,0,0,0,0,1,0,0,0,0,0,3,3,4,3,4,1,2,2,1,2,2,1,1,3,4,3,3,3,0,2,2,3,3,3,2,3,4,2,3,2,2,0
1181,0,0,4,2,1,0,1,0,0,0,1,0,1,0,0,0,1,4,3,4,2,3,3,2,3,2,1,1,4,1,3,3,3,2,3,4,3,2,2,3,3,4,1,0,2,1,2,0
1357,1,1,1,0,0,0,1,0,0,0,2,0,0,1,0,0,3,2,3,2,2,1,2,3,3,3,3,2,3,3,1,1,1,2,0,2,3,1,0,3,1,3,1,2,2,2,1,0
614,0,1,3,3,0,1,1,0,0,0,0,0,0,0,0,0,3,4,3,3,3,1,2,2,2,2,1,0,1,0,4,4,4,0,0,3,1,1,4,4,3,3,1,1,3,2,2,0
408,0,0,0,1,0,1,0,0,0,0,0,0,0,0,0,0,3,4,4,4,3,3,3,3,3,2,2,4,3,2,3,2,3,0,3,3,4,2,2,2,2,3,0,3,2,2,3,1
4660,2,0,1,2,1,0,0,0,0,0,0,0,0,0,0,0,2,4,2,3,4,3,4,3,3,3,4,1,1,2,3,3,3,3,0,0,2,3,3,4,2,2,1,2,4,2,3,1
3293,1,0,3,1,0,0,1,0,0,0,1,1,0,0,0,0,3,4,2,3,3,2,2,2,2,3,1,2,0,2,3,3,1,3,0,1,0,2,3,3,3,3,1,0,3,2,1,0
1433,1,0,3,0,0,0,0,0,0,0,0,0,0,0,0,0,2,3,2,3,2,2,3,3,2,2,2,4,4,3,4,4,4,4,0,2,4,2,3,4,3,2,1,2,3,4,2,0
182,0,1,0,2,1,0,0,0,0,0,0,0,0,0,1,0,2,2,3,3,3,0,1,3,1,2,0,3,2,3,3,3,2,3,3,3,3,2,2,2,2,3,3,3,2,2,0,0
385,1,0,0,0,0,0,0,0,1,0,0,0,1,1,0,0,3,3,4,4,1,3,2,2,2,1,2,2,3,0,3,3,2,1,3,1,3,1,2,3,3,3,0,0,1,3,3,1
6627,1,0,1,1,0,0,1,0,0,0,1,0,0,1,0,0,4,3,4,3,3,3,3,2,3,2,3,4,2,3,4,1,1,2,0,0,0,1,1,2,1,4,4,2,2,3,2,1
6000,2,0,0,2,0,0,0,0,0,0,0,0,0,0,0,0,3,3,3,4,3,2,4,3,3,3,2,4,1,3,2,1,1,1,4,3,4,1,2,1,3,4,1,3,2,3,3,1
5659,1,1,0,0,0,0,0,0,0,0,0,0,1,0,0,0,2,3,2,3,3,2,2,3,2,2,2,0,0,2,4,2,2,0,0,2,1,1,4,3,1,2,2,4,3,2,2,1
2488,0,0,0,0,0,0,0,0,0,0,0,0,0,0,0,0,4,4,4,4,4,4,4,4,4,4,4,4,4,2,4,4,4,4,2,3,4,0,2,2,2,4,2,2,1,4,4,1
2038,1,2,2,0,0,0,0,0,0,0,1,1,1,0,0,0,3,3,2,3,3,2,3,3,3,2,2,3,0,3,3,2,2,2,0,3,3,1,1,3,1,3,0,3,3,1,2,0
